nomem_encr,social_media_frequency,age,marital_status,living_arrangement,emotional_stability,intellect_imagination,self_esteem,Self-Rated_Health,Health_Hindrance_to_Daily_Functioning,Sleeping_Problems,Personal_Net_Income_Category,Employment_status,hours_on_social_media
800015,1.0,60.0,1.0,3.0,4.3,3.9,6.2,3,1.0,0.0,7.0,1,2.0
800100,3.0,32.0,1.0,3.0,2.7,3.4,5.2,2,3.0,0.0,4.0,1,18.0
800201,6.0,49.0,1.0,2.0,2.6,3.3,3.9,3,2.0,0.0,4.0,1,17.0
800228,5.0,70.0,1.0,2.0,4.1,3.3,5.8,3,2.0,0.0,6.0,9,0.0
800392,7.0,60.0,1.0,3.0,4.2,3.8,6.1,3,2.0,0.0,5.0,4,6.0
800500,7.0,69.0,1.0,2.0,3.9,2.5,6.5,2,3.0,1.0,3.0,9,15.0
800988,7.0,54.0,3.0,4.0,2.1,3.3,2.3,1,4.0,1.0,3.0,10,32.0
801031,6.0,50.0,1.0,3.0,3.8,3.4,5.8,3,3.0,0.0,7.0,1,12.0
801559,7.0,52.0,1.0,3.0,3.4,3.5,4.2,3,2.0,0.0,0.0,8,62.0
801574,5.0,39.0,5.0,3.0,4.6,4.2,5.6,3,1.0,0.0,14.0,1,1.0
801626,7.0,40.0,5.0,1.0,4.5,3.7,6.5,4,1.0,0.0,6.0,1,8.0
801782,5.0,22.0,5.0,1.0,2.4,4.4,3.7,3,1.0,1.0,3.0,1,6.0
801849,5.0,66.0,4.0,4.0,2.4,3.5,5.8,3,2.0,1.0,3.0,8,9.0
801914,4.0,34.0,1.0,3.0,3.2,3.0,4.2,3,2.0,0.0,1.0,1,9.0
802242,4.0,41.0,1.0,3.0,2.9,3.8,4.7,4,1.0,0.0,14.0,1,10.0
802264,7.0,37.0,5.0,3.0,3.0,3.2,4.3,3,3.0,1.0,13.0,1,0.0
802281,1.0,58.0,1.0,3.0,3.1,3.0,4.0,3,3.0,0.0,4.0,10,19.0
802391,5.0,40.0,1.0,3.0,3.9,2.8,5.5,3,2.0,0.0,4.0,1,4.0
802512,6.0,42.0,5.0,3.0,2.5,3.7,3.7,2,3.0,1.0,0.0,10,2.0
803025,6.0,34.0,5.0,1.0,3.1,3.6,4.6,3,1.0,0.0,7.0,1,14.0
803100,5.0,26.0,5.0,3.0,4.7,4.0,6.8,4,2.0,0.0,0.0,1,2.0
803157,5.0,40.0,1.0,3.0,4.0,2.8,4.7,3,1.0,0.0,5.0,1,2.0
803210,4.0,48.0,5.0,4.0,3.7,3.5,5.4,3,1.0,0.0,5.0,1,6.0
803268,6.0,66.0,1.0,2.0,3.9,3.5,5.9,4,1.0,0.0,7.0,3,0.0
803280,7.0,65.0,1.0,3.0,4.6,3.8,7.0,3,1.0,0.0,7.0,1,11.0
803356,1.0,66.0,1.0,2.0,3.5,3.2,7.0,1,3.0,1.0,3.0,10,0.0
803500,6.0,51.0,5.0,3.0,3.0,3.3,6.8,3,1.0,0.0,0.0,8,1.0
803540,7.0,52.0,1.0,2.0,4.7,3.9,6.8,4,1.0,0.0,6.0,1,10.0
803582,2.0,61.0,1.0,3.0,4.4,2.6,6.2,3,3.0,0.0,14.0,10,1.0
803590,6.0,61.0,3.0,1.0,3.3,3.1,5.1,4,2.0,0.0,5.0,1,45.0
803662,1.0,60.0,1.0,2.0,3.1,2.8,5.2,3,2.0,0.0,14.0,1,0.0
803747,6.0,60.0,1.0,2.0,2.2,3.3,5.0,2,2.0,0.0,3.0,1,7.0
803771,7.0,22.0,5.0,3.0,3.7,3.5,5.5,4,1.0,0.0,0.0,7,6.0
803829,6.0,43.0,1.0,3.0,3.7,3.4,5.8,3,1.0,1.0,14.0,1,3.0
803854,6.0,56.0,5.0,4.0,4.4,4.0,5.8,3,1.0,0.0,3.0,1,1.0
803924,7.0,32.0,5.0,2.0,4.2,4.9,6.8,3,1.0,1.0,6.0,1,10.0
804005,7.0,52.0,3.0,1.0,2.7,3.9,5.7,3,2.0,0.0,5.0,3,16.0
804298,7.0,61.0,3.0,1.0,4.7,4.0,6.1,4,1.0,0.0,4.0,1,8.0
804375,4.0,62.0,3.0,1.0,3.7,4.0,6.8,2,4.0,1.0,3.0,8,4.0
804412,6.0,62.0,5.0,1.0,3.2,3.1,4.2,3,2.0,0.0,3.0,12,0.0
804489,5.0,68.0,1.0,3.0,4.6,3.5,6.6,3,1.0,0.0,14.0,9,2.0
804522,5.0,38.0,1.0,3.0,4.6,3.6,6.3,4,1.0,0.0,7.0,1,1.0
804556,6.0,49.0,1.0,3.0,4.6,4.3,5.4,2,3.0,1.0,4.0,1,1.0
804617,7.0,62.0,5.0,1.0,2.7,4.1,4.9,3,1.0,1.0,4.0,1,5.0
804655,6.0,66.0,3.0,1.0,3.6,3.4,5.5,3,3.0,0.0,4.0,9,15.0
804916,5.0,65.0,1.0,2.0,3.7,3.0,5.7,4,1.0,1.0,5.0,1,3.0
804968,2.0,63.0,1.0,2.0,4.3,4.1,6.9,4,1.0,0.0,0.0,8,3.0
805007,4.0,68.0,1.0,2.0,4.0,3.6,6.3,4,1.0,0.0,6.0,9,1.0
805099,5.0,57.0,1.0,2.0,3.6,3.8,6.0,3,2.0,0.0,14.0,1,1.0
805181,6.0,54.0,3.0,4.0,4.4,4.0,6.8,5,1.0,0.0,3.0,1,2.0
805300,1.0,70.0,3.0,1.0,4.8,3.6,6.7,5,1.0,0.0,4.0,9,0.0
805319,7.0,58.0,1.0,3.0,3.0,3.6,6.0,3,2.0,0.0,5.0,1,17.0
805502,7.0,52.0,1.0,3.0,4.2,3.0,5.8,3,1.0,0.0,5.0,1,21.0
805569,6.0,51.0,3.0,2.0,2.6,3.6,5.0,2,1.0,0.0,3.0,1,2.0
805572,7.0,67.0,5.0,1.0,2.9,2.9,4.3,3,1.0,1.0,6.0,9,0.0
805752,7.0,35.0,1.0,3.0,3.7,3.9,6.4,4,1.0,0.0,5.0,1,3.0
805761,5.0,62.0,5.0,2.0,3.5,3.6,6.0,2,3.0,1.0,5.0,4,3.0
805848,3.0,62.0,1.0,2.0,4.3,2.4,4.2,3,1.0,0.0,6.0,1,1.0
805908,6.0,49.0,5.0,3.0,2.7,3.0,4.0,3,3.0,0.0,4.0,1,3.0
806079,7.0,57.0,1.0,2.0,3.3,3.5,6.0,3,1.0,1.0,6.0,1,12.0
806155,7.0,57.0,1.0,2.0,4.4,4.5,6.9,3,1.0,0.0,8.0,1,11.0
806198,6.0,41.0,5.0,3.0,3.0,3.0,4.0,3,3.0,0.0,5.0,1,22.0
806256,6.0,61.0,1.0,2.0,3.9,3.7,6.2,3,1.0,0.0,7.0,1,3.0
806655,6.0,49.0,1.0,2.0,3.4,3.4,5.4,3,1.0,0.0,7.0,1,4.0
806814,5.0,69.0,1.0,2.0,3.3,3.5,3.7,3,2.0,0.0,2.0,9,10.0
806939,7.0,52.0,2.0,2.0,2.1,3.1,4.5,2,4.0,1.0,0.0,10,30.0
807165,1.0,56.0,5.0,1.0,3.2,2.7,4.6,3,1.0,0.0,3.0,1,0.0
807186,6.0,59.0,1.0,3.0,4.1,3.2,6.8,5,1.0,0.0,14.0,1,0.0
807229,7.0,19.0,5.0,3.0,2.6,2.8,4.3,3,2.0,0.0,0.0,7,49.0
807403,1.0,68.0,4.0,5.0,4.9,3.9,6.7,4,1.0,0.0,4.0,9,0.0
807413,5.0,42.0,1.0,2.0,3.2,4.1,5.7,3,1.0,0.0,4.0,3,3.0
807596,7.0,52.0,1.0,3.0,3.3,3.7,5.8,3,3.0,1.0,5.0,1,3.0
807598,6.0,50.0,1.0,3.0,3.2,3.3,5.0,4,1.0,0.0,1.0,3,2.0
807623,1.0,52.0,1.0,3.0,2.9,3.0,5.4,3,2.0,0.0,2.0,8,7.0
807746,6.0,65.0,1.0,2.0,2.4,2.9,4.3,3,1.0,0.0,2.0,9,30.0
807977,4.0,63.0,1.0,2.0,4.5,3.8,6.4,2,4.0,0.0,4.0,1,2.0
808025,5.0,70.0,3.0,1.0,4.4,3.3,6.0,3,2.0,0.0,7.0,9,2.0
808035,6.0,67.0,1.0,2.0,2.2,3.1,5.6,2,3.0,1.0,2.0,9,1.0
808221,5.0,65.0,1.0,2.0,3.9,3.4,5.9,4,1.0,0.0,0.0,8,7.0
808236,7.0,66.0,1.0,2.0,3.5,4.5,5.8,3,1.0,0.0,5.0,9,3.0
808285,6.0,62.0,1.0,2.0,2.1,3.2,3.3,2,3.0,1.0,5.0,10,11.0
808438,4.0,52.0,3.0,4.0,3.9,3.7,6.8,3,1.0,0.0,5.0,1,0.0
808695,4.0,30.0,5.0,2.0,4.0,3.1,5.5,4,1.0,0.0,6.0,1,7.0
808801,7.0,69.0,1.0,2.0,3.8,3.8,5.5,3,2.0,0.0,3.0,9,6.0
808926,6.0,33.0,5.0,3.0,2.7,2.9,4.1,3,2.0,0.0,14.0,3,3.0
808944,5.0,58.0,1.0,2.0,2.6,2.8,3.9,3,1.0,0.0,14.0,8,1.0
808960,5.0,40.0,1.0,3.0,3.8,3.9,5.4,3,1.0,0.0,7.0,1,3.0
808998,1.0,44.0,1.0,3.0,4.7,3.0,7.0,3,1.0,0.0,4.0,1,0.0
809170,5.0,55.0,1.0,3.0,4.1,3.7,5.2,3,2.0,0.0,14.0,1,0.0
809292,6.0,64.0,1.0,2.0,4.3,3.1,6.2,3,1.0,1.0,4.0,1,3.0
809353,5.0,42.0,5.0,1.0,3.2,3.0,3.9,3,4.0,0.0,14.0,1,9.0
809375,5.0,52.0,1.0,2.0,4.7,3.9,6.3,4,1.0,0.0,10.0,1,1.0
809509,7.0,32.0,5.0,1.0,2.2,3.9,1.5,1,4.0,1.0,3.0,10,9.0
809875,7.0,52.0,3.0,1.0,4.2,3.7,6.3,2,4.0,0.0,7.0,1,2.0
810058,7.0,43.0,1.0,3.0,3.7,3.5,6.7,3,2.0,0.0,3.0,1,24.0
810086,5.0,65.0,3.0,1.0,3.4,4.6,6.3,3,1.0,0.0,4.0,9,6.0
810159,7.0,30.0,5.0,3.0,3.5,3.8,4.7,4,1.0,0.0,4.0,1,74.0
810177,7.0,25.0,5.0,3.0,3.8,3.5,7.0,4,1.0,0.0,4.0,1,11.0
810180,6.0,20.0,5.0,3.0,1.9,4.7,2.3,1,4.0,1.0,2.0,7,18.0
810265,1.0,30.0,1.0,2.0,3.0,3.2,4.1,3,3.0,1.0,7.0,1,3.0
810267,2.0,59.0,4.0,1.0,4.3,4.3,5.8,3,3.0,1.0,7.0,9,2.0
810287,5.0,48.0,1.0,3.0,4.0,3.9,6.4,3,1.0,0.0,2.0,1,4.0
810406,2.0,36.0,1.0,2.0,3.5,4.2,6.0,3,1.0,0.0,9.0,1,2.0
810584,1.0,66.0,1.0,2.0,4.0,4.4,6.7,4,1.0,0.0,7.0,1,4.0
810598,2.0,56.0,1.0,1.0,3.1,2.7,4.8,3,2.0,0.0,2.0,3,8.0
811093,5.0,51.0,5.0,2.0,3.8,3.4,5.7,3,1.0,0.0,4.0,2,8.0
811160,7.0,23.0,5.0,4.0,4.6,2.9,5.5,4,2.0,0.0,4.0,1,18.0
811212,7.0,54.0,1.0,3.0,3.0,3.7,5.4,3,1.0,0.0,6.0,3,17.0
811261,5.0,60.0,1.0,2.0,4.6,3.6,7.0,2,2.0,0.0,5.0,1,0.0
811291,7.0,49.0,1.0,3.0,1.5,3.0,4.0,3,1.0,0.0,2.0,1,32.0
811608,6.0,64.0,1.0,2.0,4.2,3.7,6.4,3,3.0,0.0,7.0,1,3.0
811611,7.0,62.0,1.0,3.0,3.1,2.9,5.3,3,1.0,1.0,6.0,1,10.0
811724,6.0,47.0,1.0,3.0,3.8,3.6,5.3,3,1.0,0.0,2.0,8,1.0
811749,6.0,36.0,1.0,2.0,4.1,4.0,6.1,5,1.0,0.0,6.0,1,3.0
811871,1.0,37.0,1.0,3.0,4.0,2.0,5.4,3,1.0,0.0,5.0,1,1.0
812008,5.0,52.0,1.0,3.0,3.5,2.5,5.1,4,1.0,0.0,0.0,8,3.0
812063,5.0,55.0,5.0,2.0,4.4,2.8,6.7,3,3.0,0.0,10.0,1,1.0
812130,6.0,25.0,5.0,1.0,2.9,3.2,4.4,1,3.0,1.0,3.0,10,10.0
812170,6.0,32.0,5.0,2.0,4.3,4.2,6.6,4,1.0,0.0,6.0,1,9.0
812173,5.0,57.0,3.0,2.0,3.8,3.8,6.7,3,2.0,0.0,2.0,13,5.0
812182,,39.0,1.0,3.0,2.9,3.1,3.8,3,3.0,0.0,14.0,1,0.0
812301,4.0,59.0,3.0,1.0,3.8,3.2,6.7,3,1.0,1.0,5.0,1,3.0
812622,6.0,40.0,1.0,2.0,3.7,2.9,5.6,3,1.0,0.0,7.0,1,9.0
812661,3.0,58.0,5.0,4.0,3.9,4.1,5.5,4,1.0,1.0,4.0,1,6.0
812734,5.0,69.0,1.0,2.0,4.6,4.0,6.4,3,1.0,0.0,7.0,9,2.0
812786,1.0,55.0,1.0,3.0,2.0,4.2,2.8,2,1.0,1.0,5.0,10,0.0
812863,5.0,69.0,1.0,2.0,3.3,3.4,6.7,3,1.0,0.0,3.0,9,4.0
812896,1.0,70.0,1.0,2.0,2.5,3.0,5.9,2,3.0,1.0,2.0,9,2.0
813110,1.0,69.0,1.0,2.0,3.7,2.6,6.4,4,1.0,0.0,4.0,9,3.0
813277,6.0,50.0,1.0,3.0,3.5,3.2,5.2,3,1.0,0.0,7.0,1,3.0
813397,5.0,40.0,1.0,3.0,3.5,3.8,6.9,3,3.0,0.0,6.0,1,4.0
813485,6.0,68.0,1.0,2.0,4.2,3.1,6.0,2,2.0,0.0,2.0,2,4.0
813565,5.0,62.0,1.0,2.0,3.5,3.0,5.6,3,1.0,0.0,3.0,8,5.0
813583,6.0,53.0,5.0,2.0,4.4,3.7,6.9,4,1.0,0.0,13.0,1,3.0
813729,5.0,56.0,5.0,2.0,3.5,3.0,4.7,3,2.0,0.0,3.0,10,4.0
813806,5.0,59.0,5.0,5.0,2.8,3.5,6.0,3,3.0,1.0,6.0,1,1.0
813858,4.0,20.0,5.0,3.0,4.0,2.6,5.9,3,1.0,0.0,0.0,7,5.0
814001,1.0,63.0,1.0,2.0,4.0,2.8,5.5,3,1.0,0.0,6.0,9,0.0
814010,6.0,60.0,5.0,3.0,3.9,3.2,6.9,3,1.0,0.0,14.0,1,13.0
814364,1.0,67.0,3.0,5.0,3.0,3.0,4.0,3,1.0,0.0,3.0,9,0.0
814532,5.0,23.0,5.0,4.0,2.7,4.0,5.9,3,1.0,0.0,0.0,7,66.0
814645,6.0,63.0,1.0,2.0,3.1,3.8,6.6,3,1.0,1.0,4.0,1,7.0
814868,7.0,50.0,1.0,3.0,3.5,3.5,5.9,2,1.0,0.0,4.0,1,18.0
814947,6.0,57.0,1.0,3.0,4.4,3.5,6.9,4,1.0,0.0,6.0,1,1.0
814996,7.0,57.0,1.0,3.0,3.2,4.0,4.7,3,2.0,1.0,2.0,1,45.0
815173,7.0,42.0,1.0,3.0,3.7,4.0,7.0,4,1.0,0.0,9.0,1,8.0
815203,7.0,21.0,5.0,3.0,2.3,4.1,4.3,5,1.0,0.0,0.0,7,36.0
815222,1.0,59.0,1.0,3.0,2.3,3.4,1.5,3,1.0,1.0,0.0,8,1.0
815267,6.0,64.0,4.0,1.0,3.2,3.1,6.3,1,4.0,1.0,3.0,10,4.0
815481,5.0,35.0,1.0,3.0,3.1,3.1,4.0,3,3.0,0.0,8.0,1,13.0
815690,7.0,60.0,1.0,2.0,3.4,3.8,5.0,3,2.0,1.0,7.0,1,16.0
815804,6.0,68.0,1.0,2.0,3.8,3.8,6.0,3,1.0,0.0,4.0,9,4.0
815814,5.0,48.0,1.0,3.0,3.7,3.5,6.2,5,1.0,0.0,6.0,1,0.0
815834,6.0,31.0,5.0,3.0,4.6,3.3,6.8,3,1.0,0.0,5.0,1,7.0
815894,2.0,65.0,1.0,2.0,3.8,3.9,6.0,3,2.0,0.0,4.0,9,0.0
815985,6.0,30.0,1.0,1.0,2.6,3.7,5.0,5,1.0,0.0,11.0,1,6.0
816033,7.0,19.0,5.0,3.0,2.9,4.1,4.9,4,3.0,0.0,1.0,7,13.0
816052,7.0,63.0,1.0,2.0,4.1,3.8,6.2,3,3.0,0.0,9.0,1,0.0
816083,7.0,55.0,5.0,2.0,3.6,3.6,6.0,3,1.0,0.0,3.0,1,16.0
816094,,36.0,5.0,2.0,1.9,4.2,3.9,3,4.0,1.0,4.0,1,0.0
816143,1.0,62.0,1.0,2.0,3.9,3.1,6.6,3,1.0,0.0,5.0,1,0.0
816155,5.0,52.0,5.0,1.0,2.9,3.8,6.0,5,1.0,0.0,6.0,1,1.0
816256,1.0,70.0,1.0,2.0,3.6,3.9,5.6,3,1.0,0.0,5.0,9,1.0
816284,7.0,41.0,5.0,1.0,3.4,4.3,4.5,4,1.0,0.0,14.0,1,12.0
816336,6.0,20.0,5.0,1.0,4.1,4.2,7.0,4,2.0,0.0,1.0,7,10.0
816387,5.0,67.0,1.0,2.0,4.5,3.9,6.1,3,1.0,0.0,2.0,9,7.0
816470,5.0,68.0,1.0,2.0,4.6,3.3,6.7,2,3.0,0.0,6.0,9,1.0
816586,7.0,50.0,1.0,3.0,2.6,3.1,4.2,3,3.0,0.0,5.0,1,8.0
816592,5.0,49.0,3.0,1.0,3.3,3.2,4.2,3,3.0,1.0,3.0,11,13.0
816627,6.0,61.0,1.0,3.0,3.8,3.5,5.5,4,1.0,1.0,14.0,9,28.0
816751,6.0,63.0,1.0,2.0,4.8,4.2,7.0,5,1.0,0.0,5.0,1,1.0
816952,6.0,61.0,1.0,2.0,4.3,3.3,6.9,3,1.0,0.0,6.0,1,2.0
817004,6.0,53.0,1.0,3.0,3.7,3.3,5.0,3,1.0,0.0,4.0,1,8.0
817062,7.0,33.0,1.0,1.0,1.8,3.0,4.4,2,3.0,1.0,5.0,1,6.0
817065,7.0,67.0,3.0,4.0,3.9,3.8,6.9,2,3.0,1.0,3.0,8,23.0
817160,2.0,67.0,1.0,2.0,4.0,2.9,5.9,3,1.0,0.0,7.0,9,0.0
817297,7.0,61.0,1.0,3.0,4.3,2.8,6.4,3,1.0,0.0,4.0,1,7.0
817344,6.0,58.0,5.0,1.0,2.9,4.1,5.9,5,1.0,0.0,4.0,3,11.0
817373,1.0,51.0,1.0,2.0,4.2,3.3,5.8,3,1.0,0.0,5.0,1,1.0
817663,1.0,66.0,3.0,1.0,3.9,3.4,6.4,3,1.0,0.0,4.0,9,2.0
817800,6.0,33.0,1.0,3.0,2.1,3.6,3.9,2,1.0,0.0,0.0,8,16.0
817852,7.0,51.0,5.0,1.0,2.4,2.7,3.7,3,3.0,0.0,3.0,10,19.0
817880,6.0,64.0,1.0,3.0,3.7,2.8,4.7,3,2.0,0.0,5.0,1,0.0
817921,7.0,35.0,1.0,3.0,2.6,2.8,4.6,4,1.0,0.0,5.0,1,18.0
818048,7.0,47.0,1.0,3.0,3.3,4.2,6.4,3,1.0,0.0,3.0,1,1.0
818049,1.0,34.0,1.0,2.0,4.0,3.8,4.9,3,1.0,0.0,6.0,1,0.0
818087,7.0,54.0,1.0,3.0,4.1,3.2,5.3,4,1.0,0.0,2.0,12,7.0
818338,7.0,55.0,1.0,3.0,2.4,2.9,5.1,3,2.0,0.0,0.0,8,4.0
818353,1.0,46.0,1.0,3.0,3.9,3.0,6.0,4,1.0,0.0,5.0,1,0.0
818508,5.0,23.0,5.0,4.0,3.7,4.4,5.0,3,1.0,0.0,1.0,7,4.0
818771,5.0,53.0,1.0,2.0,4.4,3.9,7.0,3,1.0,0.0,8.0,1,11.0
818897,7.0,66.0,5.0,4.0,3.3,3.6,5.2,4,1.0,1.0,5.0,12,12.0
819016,6.0,21.0,5.0,4.0,3.7,3.8,5.6,3,1.0,0.0,0.0,7,5.0
819183,7.0,33.0,5.0,2.0,3.8,3.4,5.4,4,1.0,0.0,14.0,1,6.0
819226,1.0,61.0,1.0,2.0,2.5,3.5,3.8,2,3.0,0.0,4.0,10,0.0
819244,4.0,29.0,5.0,3.0,3.2,3.9,6.7,3,2.0,0.0,5.0,1,1.0
819274,6.0,63.0,3.0,1.0,3.6,3.0,5.5,3,1.0,0.0,6.0,1,16.0
819354,6.0,29.0,1.0,2.0,3.9,3.5,5.5,3,1.0,0.0,5.0,1,2.0
819570,6.0,36.0,1.0,3.0,3.9,3.2,5.7,4,1.0,0.0,4.0,1,1.0
819878,5.0,53.0,1.0,2.0,4.5,3.9,6.8,3,1.0,0.0,4.0,1,4.0
819937,6.0,39.0,1.0,3.0,2.6,3.1,4.9,3,3.0,0.0,5.0,1,2.0
820181,7.0,54.0,5.0,1.0,3.4,3.4,4.8,3,1.0,0.0,6.0,1,7.0
820407,7.0,25.0,5.0,3.0,2.6,3.2,3.6,3,1.0,0.0,13.0,1,10.0
820544,7.0,50.0,1.0,3.0,4.5,2.0,5.2,3,1.0,0.0,5.0,1,1.0
820773,5.0,46.0,1.0,3.0,3.2,3.0,4.1,2,3.0,0.0,2.0,3,3.0
821176,1.0,65.0,3.0,1.0,4.6,3.3,6.7,3,3.0,0.0,3.0,10,7.0
821209,5.0,51.0,3.0,4.0,2.9,3.2,4.3,3,1.0,0.0,2.0,1,4.0
821224,6.0,44.0,1.0,3.0,3.7,2.8,5.1,4,1.0,0.0,4.0,8,8.0
821508,1.0,32.0,1.0,2.0,4.7,4.6,6.7,5,1.0,0.0,5.0,1,5.0
821618,5.0,64.0,1.0,2.0,3.7,3.3,7.0,3,1.0,0.0,2.0,1,2.0
821673,5.0,49.0,1.0,3.0,4.0,3.1,5.3,4,1.0,0.0,4.0,1,1.0
821707,7.0,44.0,1.0,3.0,2.3,3.8,4.6,3,3.0,0.0,3.0,1,7.0
821784,5.0,62.0,1.0,2.0,4.8,3.3,6.4,4,1.0,1.0,6.0,1,0.0
821838,7.0,53.0,1.0,2.0,3.9,3.6,6.2,2,3.0,0.0,5.0,1,12.0
821948,1.0,61.0,1.0,2.0,3.6,3.7,5.4,2,3.0,1.0,3.0,9,10.0
822042,6.0,22.0,5.0,4.0,3.1,3.5,4.9,3,3.0,0.0,4.0,1,6.0
822341,6.0,68.0,1.0,2.0,4.8,3.8,7.0,3,1.0,0.0,5.0,9,2.0
822354,7.0,64.0,1.0,2.0,3.8,3.8,6.8,3,4.0,0.0,3.0,8,4.0
822387,5.0,64.0,1.0,2.0,3.0,3.4,4.6,3,2.0,0.0,0.0,8,15.0
822401,6.0,22.0,5.0,3.0,3.0,3.6,6.7,3,2.0,1.0,14.0,1,4.0
822424,6.0,70.0,1.0,2.0,3.7,3.4,5.8,3,2.0,0.0,7.0,9,8.0
822525,7.0,51.0,1.0,2.0,3.0,3.0,4.0,2,1.0,1.0,14.0,1,17.0
822634,1.0,67.0,1.0,2.0,4.4,4.7,6.6,3,3.0,0.0,2.0,9,0.0
822763,7.0,38.0,5.0,3.0,2.9,3.2,4.2,3,3.0,1.0,5.0,1,23.0
822772,6.0,52.0,5.0,1.0,3.4,4.0,5.9,4,1.0,0.0,9.0,1,12.0
822827,7.0,40.0,3.0,4.0,3.4,4.4,3.6,3,3.0,0.0,8.0,1,28.0
822851,6.0,60.0,1.0,3.0,4.5,2.3,5.7,4,1.0,1.0,3.0,10,5.0
822924,5.0,35.0,5.0,2.0,3.1,3.4,4.4,3,2.0,0.0,7.0,1,6.0
823037,7.0,33.0,1.0,2.0,2.6,3.1,4.4,4,2.0,0.0,6.0,1,11.0
823327,6.0,61.0,1.0,3.0,3.0,3.5,5.9,2,3.0,0.0,1.0,1,10.0
823342,2.0,66.0,1.0,3.0,2.0,3.8,4.3,2,4.0,1.0,0.0,8,1.0
823715,6.0,45.0,1.0,3.0,3.1,3.0,4.0,2,2.0,0.0,7.0,1,3.0
823931,1.0,56.0,5.0,5.0,3.2,3.8,3.8,3,3.0,1.0,2.0,12,7.0
824069,6.0,67.0,4.0,1.0,2.2,2.8,3.8,3,5.0,1.0,4.0,9,7.0
824090,6.0,70.0,1.0,3.0,3.8,3.1,6.3,2,3.0,0.0,1.0,8,0.0
824096,1.0,65.0,1.0,2.0,4.6,3.0,6.0,3,1.0,1.0,3.0,10,0.0
824293,6.0,29.0,5.0,2.0,3.6,3.7,6.8,4,1.0,0.0,5.0,1,34.0
824353,6.0,52.0,1.0,3.0,4.1,3.4,5.8,3,1.0,0.0,7.0,1,5.0
824438,6.0,54.0,1.0,2.0,3.8,3.1,5.4,3,2.0,0.0,4.0,1,2.0
824478,6.0,68.0,1.0,2.0,3.7,4.2,6.4,3,1.0,1.0,2.0,9,11.0
824484,2.0,65.0,1.0,2.0,3.3,3.2,4.0,3,1.0,0.0,8.0,1,0.0
824490,6.0,58.0,4.0,1.0,4.5,3.9,5.9,3,1.0,0.0,8.0,1,9.0
824597,6.0,56.0,1.0,3.0,3.8,3.0,5.2,3,1.0,0.0,13.0,3,2.0
824621,5.0,54.0,1.0,2.0,3.2,2.9,4.2,3,3.0,0.0,0.0,8,0.0
824682,2.0,65.0,1.0,3.0,3.7,3.8,6.5,3,2.0,0.0,2.0,10,5.0
824753,1.0,30.0,1.0,2.0,2.0,3.8,4.1,3,1.0,0.0,14.0,1,0.0
824789,5.0,61.0,1.0,2.0,4.0,2.9,5.7,3,1.0,0.0,6.0,3,4.0
824816,6.0,32.0,1.0,3.0,3.0,3.0,4.0,4,1.0,1.0,14.0,1,5.0
824841,7.0,48.0,1.0,2.0,2.7,3.2,3.8,2,5.0,1.0,2.0,10,12.0
825125,5.0,67.0,1.0,3.0,3.2,3.2,4.8,3,1.0,1.0,3.0,10,5.0
825186,5.0,57.0,1.0,3.0,4.4,2.5,5.5,5,1.0,0.0,0.0,8,13.0
825354,5.0,62.0,1.0,1.0,2.8,2.5,3.5,3,1.0,0.0,4.0,1,3.0
825381,2.0,42.0,1.0,3.0,3.2,3.6,6.5,3,1.0,0.0,7.0,1,1.0
825700,7.0,32.0,5.0,2.0,2.1,3.7,3.1,2,3.0,1.0,3.0,1,4.0
825903,6.0,68.0,1.0,2.0,3.6,3.3,5.8,3,2.0,0.0,7.0,9,1.0
825964,7.0,30.0,1.0,3.0,3.7,4.2,6.8,4,4.0,1.0,6.0,1,5.0
826077,6.0,53.0,5.0,3.0,4.2,3.2,5.5,3,1.0,0.0,4.0,1,3.0
826159,6.0,41.0,1.0,3.0,4.3,4.7,7.0,5,1.0,0.0,4.0,1,2.0
826294,4.0,50.0,1.0,2.0,4.0,3.6,6.0,4,1.0,0.0,7.0,1,4.0
826304,5.0,41.0,1.0,3.0,1.8,3.8,4.9,3,1.0,0.0,7.0,3,2.0
826309,5.0,61.0,5.0,1.0,3.7,3.9,6.5,4,1.0,0.0,6.0,1,0.0
826339,4.0,45.0,5.0,3.0,2.6,3.2,4.2,2,1.0,0.0,8.0,1,6.0
826345,6.0,49.0,5.0,3.0,2.2,3.9,5.5,2,2.0,1.0,5.0,1,7.0
826358,6.0,62.0,1.0,2.0,3.5,3.5,5.9,3,1.0,0.0,7.0,1,2.0
826391,6.0,64.0,1.0,2.0,3.6,4.1,6.1,3,1.0,0.0,0.0,8,1.0
826533,7.0,67.0,3.0,2.0,4.6,3.3,6.3,4,1.0,0.0,11.0,1,3.0
826593,5.0,63.0,1.0,3.0,3.5,3.3,6.6,3,3.0,0.0,5.0,1,9.0
827016,7.0,48.0,1.0,3.0,2.2,3.6,4.0,2,4.0,1.0,1.0,10,4.0
827069,6.0,21.0,5.0,3.0,3.8,2.5,5.8,4,2.0,0.0,4.0,1,5.0
827215,1.0,67.0,1.0,2.0,3.6,3.5,5.8,3,1.0,1.0,3.0,9,0.0
827246,5.0,56.0,1.0,3.0,4.2,3.1,5.9,3,1.0,0.0,4.0,1,4.0
827566,5.0,30.0,1.0,1.0,3.2,2.9,5.0,3,1.0,0.0,5.0,1,2.0
827871,1.0,49.0,3.0,1.0,3.6,2.7,6.7,3,1.0,0.0,5.0,1,27.0
828128,6.0,62.0,5.0,1.0,1.8,1.9,1.6,1,3.0,1.0,4.0,10,42.0
828363,7.0,32.0,1.0,2.0,3.9,3.4,5.8,3,1.0,0.0,4.0,1,13.0
828570,6.0,20.0,5.0,3.0,2.7,3.4,4.9,5,1.0,0.0,1.0,1,18.0
828701,6.0,60.0,1.0,2.0,2.9,2.7,5.1,3,1.0,0.0,0.0,8,2.0
828744,7.0,36.0,1.0,3.0,3.3,3.5,5.8,4,1.0,0.0,4.0,1,5.0
829888,3.0,56.0,3.0,1.0,2.2,3.2,4.0,2,3.0,1.0,3.0,10,5.0
830020,5.0,52.0,5.0,3.0,4.8,4.1,6.8,3,1.0,0.0,4.0,1,6.0
830138,7.0,33.0,1.0,3.0,3.1,4.1,4.1,2,1.0,1.0,3.0,1,11.0
830139,6.0,68.0,1.0,2.0,3.5,3.4,4.4,3,2.0,0.0,3.0,9,9.0
830185,7.0,66.0,1.0,2.0,3.8,4.6,6.5,4,1.0,0.0,3.0,4,7.0
830224,4.0,47.0,1.0,3.0,2.5,3.2,3.9,4,3.0,0.0,4.0,1,11.0
830255,6.0,56.0,5.0,2.0,3.7,3.6,6.9,4,1.0,0.0,5.0,3,1.0
830297,,47.0,5.0,3.0,2.7,3.2,3.8,3,1.0,0.0,3.0,1,0.0
830422,6.0,47.0,5.0,1.0,3.8,2.8,5.3,3,1.0,0.0,4.0,1,7.0
830482,2.0,47.0,1.0,3.0,4.0,3.5,5.8,3,1.0,0.0,6.0,1,2.0
830520,7.0,29.0,5.0,1.0,3.3,3.9,4.6,3,1.0,0.0,6.0,1,14.0
830673,5.0,62.0,1.0,2.0,3.4,3.3,6.0,4,1.0,0.0,3.0,1,15.0
830798,7.0,27.0,5.0,2.0,3.5,4.2,5.5,3,1.0,1.0,4.0,1,3.0
830838,2.0,63.0,1.0,3.0,4.6,3.3,7.0,3,1.0,0.0,4.0,1,0.0
830923,6.0,40.0,5.0,3.0,3.8,3.7,6.6,4,1.0,0.0,6.0,1,6.0
831045,5.0,52.0,1.0,3.0,4.0,3.6,5.9,3,2.0,0.0,1.0,1,6.0
831304,3.0,55.0,1.0,2.0,3.0,3.0,4.0,3,1.0,0.0,4.0,1,3.0
831329,1.0,28.0,5.0,1.0,3.4,4.6,4.7,3,2.0,0.0,5.0,1,6.0
831631,5.0,59.0,5.0,1.0,3.7,4.4,5.8,3,1.0,1.0,13.0,3,0.0
831677,5.0,61.0,3.0,1.0,4.0,3.4,6.3,3,1.0,0.0,3.0,1,4.0
831737,4.0,49.0,1.0,3.0,4.1,3.0,6.4,4,1.0,0.0,14.0,2,6.0
831790,1.0,53.0,1.0,3.0,3.1,2.9,4.0,3,2.0,0.0,5.0,1,0.0
832052,6.0,65.0,5.0,1.0,4.0,4.1,5.9,2,1.0,0.0,6.0,9,0.0
832170,6.0,60.0,1.0,2.0,3.2,3.9,6.0,3,3.0,1.0,6.0,1,4.0
832205,2.0,56.0,1.0,3.0,3.6,4.2,6.0,4,1.0,0.0,13.0,1,1.0
832296,6.0,53.0,3.0,4.0,2.6,3.1,4.0,3,2.0,0.0,5.0,1,1.0
832408,7.0,55.0,1.0,2.0,3.7,3.2,5.6,2,3.0,0.0,5.0,1,3.0
832727,7.0,57.0,1.0,2.0,4.3,3.9,6.6,3,1.0,0.0,5.0,1,7.0
832752,7.0,58.0,1.0,3.0,3.9,4.1,6.3,3,2.0,0.0,6.0,1,8.0
832888,7.0,29.0,5.0,3.0,3.6,3.7,6.8,5,1.0,0.0,8.0,1,21.0
832952,6.0,29.0,5.0,4.0,2.0,2.0,1.9,3,2.0,0.0,0.0,10,28.0
833123,3.0,69.0,1.0,2.0,5.0,4.7,7.0,3,1.0,0.0,12.0,3,0.0
833349,6.0,44.0,5.0,2.0,2.9,2.9,4.9,3,2.0,0.0,0.0,4,20.0
833438,7.0,37.0,1.0,3.0,4.0,4.2,6.1,4,1.0,0.0,6.0,1,6.0
833612,7.0,22.0,5.0,3.0,2.5,3.8,4.7,3,3.0,1.0,0.0,1,14.0
833636,1.0,62.0,1.0,2.0,3.1,3.0,6.6,3,1.0,0.0,4.0,4,0.0
833639,7.0,53.0,3.0,4.0,4.0,3.7,6.2,4,1.0,0.0,5.0,1,17.0
833782,7.0,35.0,1.0,3.0,3.5,4.5,6.2,2,3.0,1.0,5.0,1,1.0
833963,2.0,46.0,3.0,1.0,4.6,3.9,5.8,4,1.0,0.0,14.0,1,0.0
834088,5.0,40.0,1.0,3.0,3.5,3.0,6.1,2,3.0,0.0,4.0,10,21.0
834094,7.0,47.0,1.0,3.0,2.4,4.0,5.8,3,3.0,1.0,3.0,8,15.0
834110,,35.0,5.0,1.0,3.8,3.5,6.3,3,1.0,0.0,6.0,1,0.0
834280,6.0,65.0,1.0,2.0,3.1,4.0,6.3,3,1.0,0.0,11.0,1,9.0
834341,1.0,58.0,3.0,1.0,4.0,3.1,6.2,5,2.0,0.0,5.0,1,3.0
834452,6.0,62.0,3.0,2.0,2.6,3.3,5.0,2,4.0,1.0,5.0,1,3.0
834518,6.0,70.0,1.0,2.0,4.2,3.3,6.5,3,3.0,0.0,3.0,9,0.0
834655,7.0,31.0,5.0,1.0,3.9,4.0,5.9,2,5.0,0.0,3.0,10,13.0
834756,7.0,25.0,5.0,1.0,3.5,4.3,6.1,4,1.0,0.0,1.0,7,14.0
835119,7.0,68.0,3.0,1.0,4.5,3.4,6.4,2,2.0,1.0,14.0,9,8.0
835231,2.0,31.0,5.0,3.0,4.0,3.0,4.6,3,1.0,0.0,5.0,1,4.0
835311,5.0,65.0,1.0,2.0,3.6,3.2,5.3,3,2.0,0.0,4.0,10,2.0
835388,6.0,44.0,1.0,2.0,3.9,4.2,6.0,5,1.0,0.0,6.0,2,3.0
835408,6.0,35.0,1.0,2.0,2.9,3.8,3.7,3,1.0,1.0,6.0,1,8.0
835488,5.0,69.0,1.0,2.0,3.7,3.1,5.4,3,3.0,0.0,4.0,9,1.0
835894,6.0,47.0,1.0,3.0,3.6,3.7,6.2,3,1.0,0.0,6.0,1,0.0
836221,6.0,68.0,1.0,2.0,3.6,3.5,5.6,3,1.0,1.0,2.0,9,8.0
836257,7.0,25.0,5.0,1.0,2.1,3.4,1.3,2,5.0,1.0,2.0,1,5.0
836312,1.0,70.0,1.0,2.0,3.2,3.0,5.4,3,1.0,0.0,14.0,9,0.0
836437,2.0,55.0,1.0,3.0,2.7,3.3,4.4,2,1.0,1.0,3.0,1,0.0
836483,4.0,20.0,5.0,3.0,4.9,4.0,7.0,4,1.0,0.0,0.0,7,1.0
836685,1.0,36.0,5.0,4.0,3.7,3.8,5.6,3,1.0,0.0,6.0,1,3.0
836768,7.0,58.0,1.0,3.0,2.0,3.3,4.4,3,4.0,1.0,14.0,1,6.0
837010,5.0,52.0,1.0,3.0,1.8,4.1,3.7,1,4.0,1.0,0.0,10,1.0
837109,6.0,54.0,1.0,3.0,3.8,3.5,5.5,4,1.0,0.0,7.0,3,3.0
837112,6.0,67.0,1.0,2.0,4.9,3.5,7.0,2,1.0,0.0,4.0,9,3.0
837168,7.0,26.0,5.0,3.0,3.0,3.5,4.0,3,1.0,0.0,5.0,1,13.0
837182,5.0,70.0,4.0,5.0,4.0,3.3,4.6,2,4.0,1.0,4.0,9,13.0
837192,6.0,56.0,1.0,2.0,3.5,3.3,5.1,3,1.0,0.0,4.0,1,16.0
837261,1.0,60.0,5.0,5.0,3.2,4.1,5.9,2,1.0,1.0,3.0,10,0.0
837361,1.0,60.0,1.0,2.0,2.8,2.8,4.0,5,1.0,1.0,5.0,1,1.0
837795,7.0,25.0,5.0,2.0,1.7,3.9,4.5,4,2.0,1.0,4.0,3,2.0
837884,7.0,21.0,5.0,3.0,2.1,3.2,3.4,3,3.0,1.0,0.0,7,2.0
838000,3.0,22.0,5.0,3.0,3.3,3.3,5.9,4,1.0,0.0,3.0,11,3.0
838371,6.0,68.0,4.0,4.0,2.0,3.0,3.3,2,2.0,0.0,3.0,8,2.0
838386,,64.0,1.0,2.0,3.1,3.1,4.8,3,3.0,0.0,0.0,9,0.0
838425,4.0,32.0,1.0,2.0,2.8,3.6,2.7,4,2.0,1.0,5.0,1,3.0
838430,5.0,31.0,5.0,1.0,2.5,3.4,5.2,4,1.0,0.0,6.0,1,3.0
838632,1.0,61.0,1.0,3.0,4.4,4.0,6.5,4,1.0,0.0,6.0,1,0.0
838708,7.0,19.0,5.0,3.0,2.1,3.9,4.2,4,1.0,0.0,0.0,13,13.0
838732,6.0,48.0,1.0,3.0,3.3,3.4,5.6,4,1.0,0.0,2.0,1,17.0
838909,3.0,64.0,5.0,1.0,2.9,2.0,3.5,2,3.0,1.0,4.0,10,1.0
838959,3.0,65.0,1.0,2.0,2.5,3.3,6.3,3,1.0,1.0,4.0,1,2.0
839010,1.0,66.0,3.0,1.0,2.8,3.9,4.9,2,3.0,0.0,3.0,9,2.0
839031,5.0,54.0,1.0,2.0,2.4,3.1,4.0,3,1.0,0.0,2.0,1,0.0
839053,6.0,47.0,1.0,3.0,4.6,3.9,6.5,4,1.0,0.0,1.0,3,2.0
839328,6.0,65.0,5.0,1.0,4.1,3.7,6.1,3,2.0,0.0,3.0,10,11.0
839382,7.0,54.0,1.0,3.0,2.9,3.9,5.4,4,1.0,1.0,3.0,1,18.0
839411,7.0,66.0,5.0,1.0,2.6,2.6,3.1,2,2.0,1.0,4.0,12,2.0
839501,7.0,49.0,1.0,3.0,3.5,4.4,5.4,4,1.0,0.0,6.0,1,9.0
839901,2.0,66.0,1.0,2.0,4.3,3.9,6.7,3,1.0,0.0,5.0,9,1.0
840161,6.0,20.0,5.0,3.0,4.0,3.4,6.7,3,1.0,1.0,1.0,7,5.0
840270,6.0,24.0,5.0,3.0,4.4,3.3,5.8,4,2.0,0.0,14.0,1,5.0
840353,7.0,44.0,1.0,3.0,1.9,3.5,4.8,3,1.0,1.0,6.0,1,4.0
840386,7.0,67.0,1.0,2.0,4.1,3.7,6.6,3,1.0,0.0,3.0,8,1.0
840426,6.0,49.0,1.0,3.0,4.6,3.7,6.5,3,1.0,0.0,4.0,3,7.0
840617,7.0,42.0,5.0,1.0,3.4,3.3,6.1,3,1.0,0.0,5.0,1,11.0
840628,5.0,54.0,1.0,3.0,2.6,2.2,4.2,2,4.0,1.0,3.0,4,2.0
840637,6.0,32.0,3.0,3.0,3.3,3.0,4.0,3,1.0,0.0,2.0,1,0.0
840747,6.0,66.0,3.0,1.0,4.7,4.0,6.0,3,1.0,1.0,3.0,10,18.0
840869,5.0,60.0,1.0,3.0,4.1,3.5,6.6,4,1.0,0.0,5.0,3,0.0
841183,5.0,62.0,1.0,2.0,4.3,3.7,6.2,3,1.0,0.0,14.0,1,3.0
841250,6.0,69.0,1.0,2.0,3.6,3.6,7.0,4,1.0,0.0,2.0,9,3.0
841305,7.0,47.0,1.0,3.0,3.4,3.3,,2,3.0,0.0,5.0,1,14.0
841632,7.0,38.0,1.0,3.0,4.0,3.7,4.9,3,4.0,0.0,3.0,1,59.0
841715,7.0,43.0,3.0,1.0,4.1,4.5,7.0,3,1.0,0.0,3.0,1,5.0
841723,6.0,64.0,1.0,2.0,3.8,3.3,7.0,3,1.0,0.0,3.0,9,13.0
841781,1.0,24.0,5.0,3.0,2.2,4.0,4.4,3,2.0,1.0,7.0,1,2.0
841787,7.0,57.0,1.0,3.0,2.8,3.9,5.3,4,1.0,0.0,7.0,3,6.0
842150,5.0,63.0,1.0,2.0,3.8,3.4,6.2,3,1.0,0.0,13.0,1,7.0
842296,7.0,36.0,5.0,1.0,3.1,4.6,6.0,5,1.0,0.0,6.0,1,5.0
842404,5.0,47.0,1.0,3.0,2.9,3.8,5.4,5,1.0,0.0,6.0,1,3.0
842437,2.0,53.0,1.0,2.0,3.4,2.7,3.2,2,4.0,0.0,0.0,8,1.0
842501,4.0,62.0,1.0,2.0,3.5,4.3,6.0,4,1.0,0.0,0.0,8,3.0
842697,5.0,47.0,1.0,3.0,3.9,3.0,5.4,3,1.0,0.0,14.0,1,1.0
842733,6.0,60.0,1.0,3.0,3.7,3.7,6.3,2,3.0,0.0,5.0,1,8.0
842828,6.0,35.0,1.0,1.0,4.2,3.2,5.2,3,4.0,0.0,5.0,1,6.0
842950,4.0,52.0,1.0,3.0,4.0,4.2,5.9,3,1.0,0.0,8.0,1,4.0
842971,4.0,40.0,5.0,3.0,3.5,4.1,6.2,3,1.0,0.0,6.0,1,2.0
842987,6.0,48.0,1.0,3.0,3.0,3.6,1.2,3,2.0,1.0,0.0,8,36.0
843133,5.0,36.0,1.0,1.0,3.7,3.6,6.6,3,2.0,0.0,7.0,1,7.0
843264,4.0,53.0,5.0,1.0,3.3,3.3,4.7,2,1.0,0.0,5.0,1,1.0
843286,2.0,54.0,1.0,1.0,3.8,3.0,5.9,3,1.0,0.0,6.0,1,0.0
843316,7.0,23.0,5.0,1.0,3.4,3.4,4.3,4,1.0,0.0,0.0,7,28.0
843399,4.0,66.0,5.0,1.0,3.8,2.9,4.8,3,1.0,1.0,2.0,12,1.0
843461,4.0,51.0,5.0,5.0,3.8,3.2,5.3,2,3.0,0.0,4.0,1,2.0
843692,6.0,66.0,1.0,2.0,3.4,4.3,6.1,3,1.0,0.0,2.0,9,4.0
843704,3.0,58.0,3.0,1.0,3.7,4.0,4.8,4,1.0,0.0,5.0,1,3.0
843890,7.0,32.0,5.0,1.0,2.1,3.6,4.3,2,2.0,1.0,2.0,3,27.0
844036,2.0,62.0,5.0,5.0,4.2,4.2,6.3,4,1.0,0.0,2.0,3,0.0
844100,3.0,38.0,5.0,3.0,4.4,2.7,6.0,3,3.0,0.0,2.0,13,3.0
844122,7.0,28.0,5.0,2.0,4.5,4.0,5.9,5,1.0,0.0,6.0,1,3.0
844149,6.0,45.0,5.0,1.0,4.5,4.6,6.8,2,2.0,1.0,3.0,8,2.0
844393,5.0,68.0,4.0,5.0,3.4,3.4,5.0,1,3.0,1.0,6.0,9,0.0
844406,4.0,50.0,5.0,3.0,3.5,3.1,4.5,3,1.0,0.0,4.0,1,2.0
844445,6.0,48.0,3.0,1.0,3.9,3.4,7.0,3,1.0,1.0,5.0,1,61.0
844466,5.0,36.0,5.0,1.0,2.8,4.1,5.0,3,,,14.0,1,1.0
844503,6.0,59.0,1.0,3.0,3.5,3.8,6.7,3,1.0,0.0,3.0,1,3.0
844702,6.0,30.0,5.0,3.0,2.9,3.4,5.9,3,1.0,1.0,4.0,1,3.0
844825,6.0,48.0,1.0,3.0,4.1,3.9,7.0,2,1.0,0.0,5.0,1,10.0
844949,5.0,69.0,1.0,2.0,3.9,3.7,6.9,4,1.0,0.0,6.0,9,2.0
844953,6.0,29.0,5.0,1.0,3.9,2.9,4.3,3,1.0,0.0,6.0,1,4.0
845092,6.0,55.0,5.0,3.0,3.6,4.6,5.5,4,1.0,0.0,8.0,1,3.0
845169,6.0,51.0,1.0,2.0,3.8,3.3,6.5,3,2.0,0.0,6.0,1,3.0
845187,6.0,70.0,1.0,2.0,2.8,3.2,4.3,2,3.0,1.0,4.0,9,6.0
845199,6.0,69.0,1.0,2.0,4.3,4.4,6.5,3,1.0,0.0,7.0,9,3.0
845327,1.0,65.0,3.0,1.0,4.4,3.1,5.2,3,1.0,0.0,5.0,9,40.0
845393,3.0,34.0,1.0,2.0,3.2,4.1,6.5,4,2.0,0.0,0.0,1,3.0
845495,7.0,55.0,1.0,3.0,3.8,3.3,5.8,3,1.0,1.0,3.0,1,6.0
845520,5.0,28.0,5.0,1.0,4.5,3.8,6.4,3,1.0,0.0,5.0,1,4.0
845716,,28.0,5.0,2.0,2.9,3.3,4.2,3,1.0,1.0,0.0,8,0.0
845834,6.0,69.0,1.0,2.0,2.9,3.1,5.2,2,3.0,1.0,3.0,9,9.0
845957,7.0,35.0,1.0,3.0,3.5,2.7,6.0,3,1.0,0.0,5.0,1,15.0
846145,6.0,66.0,3.0,1.0,4.6,3.6,6.7,2,2.0,0.0,5.0,1,5.0
846325,6.0,41.0,1.0,3.0,2.6,3.9,2.3,2,3.0,1.0,2.0,1,14.0
846450,5.0,43.0,1.0,3.0,3.7,3.7,6.0,3,1.0,0.0,14.0,1,1.0
846496,6.0,44.0,1.0,3.0,2.9,3.2,5.0,3,2.0,0.0,1.0,8,4.0
846502,6.0,37.0,1.0,3.0,3.6,3.8,6.9,4,1.0,0.0,5.0,1,2.0
846600,5.0,53.0,3.0,4.0,3.4,3.6,4.4,3,2.0,0.0,7.0,1,6.0
846676,6.0,37.0,1.0,3.0,3.3,3.3,6.4,5,1.0,0.0,2.0,1,8.0
846813,7.0,57.0,4.0,4.0,4.1,3.1,5.3,3,4.0,1.0,4.0,1,9.0
846865,7.0,29.0,1.0,1.0,4.5,2.9,5.4,3,1.0,0.0,5.0,1,5.0
847186,7.0,26.0,5.0,1.0,2.3,3.3,3.9,3,2.0,0.0,1.0,7,6.0
847328,7.0,33.0,1.0,3.0,4.3,3.2,4.3,4,1.0,0.0,4.0,1,6.0
847424,3.0,52.0,1.0,3.0,2.8,4.1,5.4,3,1.0,0.0,7.0,1,0.0
847457,4.0,65.0,1.0,2.0,3.9,3.4,6.5,3,1.0,0.0,3.0,1,0.0
847595,5.0,22.0,5.0,3.0,3.4,3.1,3.8,3,1.0,0.0,14.0,10,7.0
847692,2.0,57.0,1.0,2.0,3.9,2.7,5.4,4,1.0,0.0,5.0,2,3.0
847793,6.0,53.0,1.0,2.0,2.9,3.4,4.6,3,3.0,1.0,3.0,3,4.0
847903,5.0,56.0,5.0,3.0,2.7,3.0,4.4,2,2.0,1.0,2.0,10,2.0
847976,7.0,45.0,1.0,3.0,3.0,2.9,5.0,3,1.0,0.0,14.0,1,6.0
847998,7.0,53.0,1.0,3.0,3.6,3.2,6.0,3,3.0,1.0,5.0,3,8.0
848046,6.0,50.0,3.0,3.0,3.3,3.2,7.0,3,1.0,0.0,5.0,1,20.0
848068,5.0,34.0,5.0,4.0,3.0,2.7,5.3,3,1.0,0.0,1.0,1,12.0
848144,7.0,48.0,3.0,4.0,2.8,3.0,5.0,3,3.0,0.0,14.0,8,17.0
848146,6.0,44.0,5.0,3.0,3.7,3.4,5.6,2,3.0,1.0,13.0,4,2.0
848175,1.0,67.0,5.0,1.0,3.5,3.6,6.0,3,2.0,0.0,6.0,9,0.0
848205,6.0,68.0,1.0,2.0,3.0,2.7,4.1,3,1.0,0.0,3.0,9,3.0
848669,5.0,43.0,5.0,1.0,2.9,2.9,6.2,3,1.0,0.0,3.0,10,1.0
848721,2.0,67.0,1.0,3.0,4.0,3.9,6.9,4,1.0,0.0,3.0,9,1.0
848757,7.0,48.0,5.0,4.0,3.2,3.2,4.2,2,2.0,1.0,3.0,10,0.0
848995,5.0,54.0,1.0,3.0,2.6,4.1,4.2,3,3.0,1.0,5.0,1,13.0
849154,1.0,69.0,3.0,5.0,3.4,2.2,5.8,2,1.0,0.0,4.0,9,0.0
849169,7.0,24.0,5.0,4.0,2.7,3.4,5.6,3,1.0,0.0,13.0,3,7.0
849200,7.0,62.0,5.0,1.0,2.9,4.1,4.7,4,1.0,0.0,6.0,1,2.0
849340,2.0,48.0,1.0,3.0,1.9,3.2,4.5,3,1.0,0.0,3.0,8,0.0
849398,7.0,35.0,5.0,2.0,3.3,3.4,7.0,4,2.0,0.0,4.0,1,4.0
849407,3.0,60.0,1.0,3.0,2.2,3.3,3.6,3,1.0,1.0,5.0,1,12.0
849526,7.0,36.0,5.0,1.0,3.0,3.2,4.3,3,1.0,1.0,6.0,1,13.0
849600,5.0,69.0,5.0,1.0,2.9,3.5,4.1,2,2.0,0.0,5.0,9,2.0
849642,5.0,61.0,5.0,3.0,4.0,3.2,5.9,3,1.0,0.0,5.0,1,7.0
849643,3.0,58.0,3.0,2.0,3.8,3.8,5.9,3,2.0,0.0,7.0,1,6.0
849746,,37.0,5.0,3.0,3.6,3.6,5.6,3,1.0,0.0,8.0,1,0.0
849771,1.0,46.0,1.0,3.0,4.9,4.1,7.0,3,1.0,0.0,4.0,3,1.0
849795,6.0,69.0,1.0,2.0,4.0,3.8,5.4,3,3.0,0.0,8.0,9,5.0
849874,5.0,62.0,1.0,2.0,3.7,2.9,5.3,2,2.0,1.0,5.0,1,1.0
849896,6.0,58.0,1.0,3.0,3.8,3.1,5.2,3,1.0,0.0,5.0,1,2.0
849920,4.0,33.0,5.0,3.0,2.9,4.6,6.6,3,1.0,0.0,10.0,3,4.0
849990,5.0,30.0,5.0,3.0,2.7,4.0,5.8,4,1.0,0.0,2.0,10,5.0
850152,6.0,59.0,5.0,1.0,4.4,3.4,6.1,2,2.0,0.0,2.0,1,5.0
850170,5.0,65.0,1.0,2.0,3.5,3.7,4.8,2,2.0,0.0,4.0,10,3.0
850251,5.0,44.0,5.0,2.0,4.0,3.7,5.9,4,1.0,0.0,11.0,3,5.0
850254,6.0,30.0,5.0,2.0,3.3,4.2,6.0,5,1.0,0.0,14.0,1,2.0
850386,3.0,52.0,1.0,3.0,3.8,3.6,5.1,3,2.0,1.0,0.0,8,3.0
850604,5.0,41.0,1.0,3.0,3.1,2.7,3.3,5,1.0,0.0,7.0,1,8.0
850737,7.0,25.0,5.0,4.0,2.5,4.3,5.2,4,1.0,0.0,5.0,1,3.0
850942,7.0,58.0,1.0,3.0,2.7,3.2,3.6,3,1.0,1.0,4.0,1,1.0
850949,6.0,43.0,5.0,2.0,4.4,3.7,6.1,4,1.0,0.0,5.0,1,18.0
851045,7.0,48.0,1.0,3.0,4.2,3.2,6.3,5,1.0,0.0,0.0,1,8.0
851101,5.0,52.0,1.0,3.0,3.6,3.5,6.0,4,1.0,0.0,14.0,1,6.0
851123,1.0,54.0,1.0,3.0,4.6,4.0,6.5,3,1.0,0.0,7.0,1,0.0
851275,5.0,40.0,5.0,1.0,4.6,4.2,6.8,3,1.0,0.0,6.0,1,2.0
851327,6.0,68.0,1.0,2.0,3.9,3.7,6.0,1,5.0,0.0,5.0,9,2.0
851425,5.0,59.0,1.0,2.0,3.7,3.5,5.8,3,2.0,1.0,4.0,1,0.0
851431,7.0,54.0,1.0,3.0,4.3,4.3,6.6,3,2.0,0.0,8.0,1,13.0
851596,6.0,58.0,1.0,3.0,3.7,2.9,5.0,2,2.0,0.0,6.0,1,0.0
851641,6.0,66.0,4.0,2.0,4.2,3.2,6.3,3,3.0,0.0,1.0,9,2.0
851681,6.0,33.0,5.0,2.0,3.0,4.3,4.3,3,3.0,0.0,3.0,3,25.0
851867,5.0,26.0,5.0,3.0,1.2,2.7,2.8,1,2.0,1.0,3.0,13,3.0
852163,6.0,36.0,1.0,3.0,3.0,3.0,4.5,2,2.0,0.0,5.0,1,6.0
852191,7.0,25.0,5.0,3.0,3.0,3.2,4.3,3,2.0,0.0,0.0,8,5.0
852258,3.0,51.0,1.0,3.0,3.2,4.4,5.2,4,2.0,0.0,0.0,1,5.0
852438,3.0,69.0,1.0,2.0,4.0,3.0,6.4,3,4.0,0.0,3.0,9,0.0
852441,1.0,62.0,1.0,3.0,3.9,3.3,6.7,3,1.0,1.0,5.0,1,0.0
852545,2.0,48.0,5.0,1.0,4.3,3.8,5.0,2,1.0,0.0,7.0,1,1.0
852566,5.0,69.0,1.0,2.0,3.1,2.9,5.8,3,2.0,0.0,2.0,9,2.0
852639,4.0,58.0,1.0,3.0,4.2,3.7,5.5,4,1.0,0.0,9.0,1,1.0
852645,6.0,64.0,5.0,3.0,4.1,3.4,6.0,4,1.0,0.0,5.0,1,6.0
852752,7.0,40.0,5.0,3.0,3.5,3.0,5.4,3,1.0,0.0,14.0,1,1.0
853140,6.0,28.0,5.0,3.0,2.4,4.3,2.4,2,1.0,1.0,1.0,4,46.0
853195,6.0,50.0,1.0,3.0,3.7,3.2,6.0,4,1.0,0.0,7.0,1,0.0
853396,6.0,55.0,3.0,1.0,4.0,3.6,5.7,3,1.0,0.0,4.0,1,20.0
853460,7.0,64.0,1.0,2.0,3.8,3.7,6.4,3,1.0,0.0,2.0,1,1.0
853512,6.0,41.0,1.0,3.0,1.2,2.2,2.5,2,1.0,0.0,3.0,1,5.0
853521,7.0,28.0,5.0,1.0,4.0,3.6,5.8,4,1.0,0.0,5.0,1,5.0
853970,5.0,59.0,1.0,2.0,3.6,2.8,5.9,3,1.0,0.0,1.0,8,2.0
854101,7.0,25.0,5.0,2.0,3.9,4.0,6.2,5,1.0,0.0,2.0,7,10.0
854107,7.0,20.0,5.0,3.0,4.0,3.7,6.5,4,1.0,0.0,0.0,7,30.0
854129,2.0,57.0,1.0,2.0,2.9,3.4,4.7,2,2.0,1.0,0.0,4,60.0
854208,7.0,61.0,1.0,2.0,3.9,3.3,5.9,2,1.0,1.0,7.0,1,6.0
854284,5.0,64.0,1.0,2.0,4.9,3.7,6.6,3,2.0,0.0,5.0,1,8.0
854299,7.0,40.0,5.0,1.0,3.3,3.0,4.6,3,1.0,0.0,4.0,1,8.0
854391,6.0,69.0,1.0,3.0,3.5,3.6,5.4,2,1.0,0.0,7.0,8,1.0
854443,1.0,63.0,1.0,2.0,4.3,3.5,5.5,4,1.0,0.0,8.0,1,0.0
854495,7.0,51.0,5.0,2.0,3.0,3.8,6.3,3,1.0,0.0,4.0,1,0.0
854537,6.0,67.0,1.0,2.0,3.1,3.6,6.7,2,4.0,0.0,3.0,9,30.0
854700,7.0,67.0,1.0,1.0,2.8,2.8,4.0,2,1.0,0.0,3.0,9,13.0
854806,7.0,32.0,5.0,1.0,3.3,2.9,4.9,3,1.0,0.0,4.0,1,37.0
854812,1.0,57.0,5.0,3.0,3.8,3.5,6.0,3,1.0,0.0,5.0,1,2.0
854937,5.0,60.0,1.0,2.0,4.3,3.5,7.0,3,1.0,0.0,4.0,1,8.0
854988,5.0,32.0,5.0,1.0,3.1,4.3,4.9,4,1.0,0.0,5.0,1,8.0
855082,1.0,23.0,5.0,3.0,3.2,2.6,3.9,5,2.0,1.0,1.0,1,5.0
855120,5.0,44.0,1.0,3.0,3.4,3.5,6.0,4,1.0,0.0,11.0,3,3.0
855169,6.0,65.0,5.0,1.0,2.2,3.6,4.3,2,3.0,1.0,2.0,6,2.0
855255,7.0,64.0,3.0,2.0,4.5,3.5,6.7,3,1.0,0.0,6.0,1,5.0
855421,7.0,36.0,5.0,2.0,2.3,4.0,3.7,3,2.0,0.0,7.0,1,10.0
855584,6.0,57.0,1.0,3.0,3.3,3.0,6.0,3,1.0,0.0,2.0,1,2.0
855673,6.0,43.0,1.0,3.0,2.4,3.1,4.0,4,1.0,0.0,6.0,1,3.0
855722,7.0,23.0,5.0,3.0,1.8,3.1,3.7,3,2.0,0.0,2.0,7,4.0
855783,7.0,28.0,5.0,2.0,4.7,2.2,6.7,5,1.0,0.0,6.0,1,10.0
855963,6.0,53.0,5.0,3.0,3.2,3.9,6.2,4,1.0,0.0,7.0,1,21.0
856216,7.0,43.0,1.0,3.0,3.1,3.5,5.2,1,4.0,1.0,2.0,10,17.0
856387,7.0,64.0,4.0,1.0,4.5,3.4,6.2,3,1.0,0.0,2.0,1,4.0
856704,6.0,48.0,1.0,3.0,3.4,3.4,5.6,3,3.0,0.0,8.0,1,21.0
856918,7.0,42.0,1.0,3.0,3.1,4.1,1.9,2,3.0,0.0,3.0,1,11.0
857098,7.0,63.0,1.0,2.0,3.0,4.0,6.3,2,3.0,0.0,0.0,6,5.0
857101,6.0,52.0,5.0,1.0,3.6,3.6,6.5,3,1.0,0.0,5.0,1,4.0
857122,7.0,59.0,5.0,1.0,3.8,3.4,6.2,3,1.0,0.0,3.0,10,24.0
857162,5.0,54.0,1.0,2.0,4.3,3.1,6.0,4,1.0,0.0,9.0,1,3.0
857247,6.0,59.0,1.0,3.0,3.7,3.3,6.5,3,1.0,0.0,7.0,1,3.0
857373,1.0,23.0,5.0,4.0,4.8,2.3,5.3,3,1.0,0.0,3.0,13,0.0
857531,7.0,19.0,5.0,3.0,3.9,2.8,5.8,3,1.0,0.0,0.0,1,13.0
857596,7.0,29.0,1.0,3.0,2.1,3.0,5.9,3,1.0,1.0,3.0,1,70.0
857843,6.0,64.0,5.0,2.0,3.9,3.5,4.9,3,1.0,0.0,9.0,3,1.0
857977,5.0,63.0,1.0,3.0,3.7,2.8,7.0,4,1.0,0.0,5.0,1,0.0
858374,7.0,35.0,1.0,3.0,3.1,3.1,4.3,3,2.0,0.0,0.0,8,5.0
858615,1.0,36.0,5.0,4.0,4.6,4.3,6.6,3,1.0,0.0,0.0,5,0.0
858667,7.0,51.0,5.0,1.0,3.5,3.6,5.7,3,1.0,0.0,8.0,1,7.0
858758,7.0,22.0,5.0,4.0,3.0,3.1,4.9,3,1.0,0.0,0.0,7,22.0
858990,5.0,60.0,1.0,2.0,2.6,2.9,5.7,3,2.0,0.0,3.0,1,8.0
859127,5.0,68.0,5.0,4.0,3.0,3.8,6.9,3,1.0,0.0,5.0,9,5.0
859240,6.0,69.0,1.0,2.0,2.6,2.7,4.6,2,5.0,1.0,5.0,9,1.0
859457,7.0,24.0,5.0,1.0,2.5,2.9,3.6,4,1.0,0.0,2.0,7,14.0
859616,5.0,58.0,1.0,2.0,2.9,3.2,5.1,3,3.0,0.0,7.0,1,5.0
859671,7.0,52.0,5.0,1.0,3.6,3.9,6.8,4,1.0,0.0,3.0,1,9.0
859713,1.0,55.0,5.0,1.0,3.9,3.5,6.5,4,1.0,1.0,2.0,4,1.0
859775,6.0,50.0,1.0,3.0,4.0,3.6,6.0,3,1.0,0.0,10.0,1,2.0
860137,7.0,49.0,1.0,2.0,4.0,3.5,6.6,3,1.0,0.0,5.0,1,3.0
860166,1.0,43.0,5.0,1.0,3.0,3.0,4.1,2,4.0,1.0,1.0,10,0.0
860314,6.0,59.0,1.0,2.0,3.2,3.4,5.9,3,2.0,0.0,3.0,2,45.0
860586,1.0,59.0,3.0,1.0,3.9,3.2,5.2,3,2.0,1.0,3.0,1,1.0
860641,6.0,61.0,3.0,2.0,2.4,3.1,5.7,3,2.0,0.0,5.0,1,5.0
860772,6.0,47.0,1.0,3.0,3.6,3.6,5.6,3,3.0,0.0,7.0,1,9.0
860867,5.0,38.0,3.0,3.0,3.8,3.2,6.4,3,1.0,0.0,3.0,1,15.0
860968,5.0,44.0,1.0,3.0,2.9,2.8,3.3,2,3.0,0.0,2.0,1,11.0
860972,7.0,52.0,5.0,1.0,4.1,3.1,6.7,4,4.0,0.0,6.0,1,3.0
861010,4.0,67.0,1.0,2.0,3.0,3.0,4.2,3,1.0,1.0,3.0,9,0.0
861129,7.0,61.0,1.0,3.0,3.3,3.1,6.5,3,3.0,0.0,3.0,1,4.0
861218,6.0,53.0,1.0,2.0,3.9,3.4,6.6,2,3.0,1.0,2.0,10,6.0
861233,6.0,65.0,1.0,2.0,3.5,3.9,6.9,3,1.0,0.0,3.0,9,2.0
861276,7.0,58.0,1.0,3.0,3.5,3.9,5.2,3,1.0,0.0,8.0,1,9.0
861343,6.0,52.0,1.0,2.0,3.6,3.5,5.5,2,2.0,1.0,2.0,10,9.0
861373,6.0,62.0,1.0,2.0,2.9,2.8,4.1,2,3.0,1.0,14.0,1,0.0
861413,6.0,46.0,1.0,3.0,2.8,3.8,5.5,4,1.0,0.0,5.0,1,9.0
861538,5.0,68.0,1.0,2.0,4.2,3.4,6.4,4,1.0,0.0,3.0,9,12.0
861657,7.0,58.0,3.0,3.0,3.7,3.6,6.7,3,1.0,0.0,6.0,1,11.0
861746,7.0,69.0,1.0,2.0,3.7,3.1,5.2,3,3.0,0.0,6.0,9,18.0
861922,7.0,20.0,5.0,3.0,3.5,4.2,4.8,4,1.0,0.0,0.0,7,22.0
862002,1.0,68.0,5.0,2.0,2.8,2.9,6.0,3,1.0,0.0,13.0,8,0.0
862148,2.0,34.0,5.0,2.0,2.2,3.7,4.3,3,1.0,0.0,5.0,1,2.0
862228,6.0,60.0,1.0,3.0,4.1,3.3,4.7,3,1.0,0.0,4.0,8,9.0
862231,4.0,33.0,1.0,2.0,4.8,4.4,6.2,4,1.0,0.0,5.0,1,1.0
862457,7.0,36.0,5.0,3.0,3.6,3.1,6.0,4,1.0,0.0,4.0,1,20.0
862530,4.0,28.0,5.0,2.0,4.6,3.4,6.3,4,1.0,0.0,5.0,1,5.0
862532,6.0,52.0,3.0,4.0,3.9,3.2,5.0,4,1.0,1.0,5.0,1,31.0
862551,7.0,48.0,1.0,3.0,4.9,4.0,5.8,5,1.0,0.0,6.0,1,1.0
862756,7.0,32.0,5.0,3.0,3.6,3.2,5.4,3,1.0,1.0,6.0,1,66.0
862835,5.0,69.0,1.0,2.0,3.9,4.6,6.7,3,1.0,0.0,4.0,9,5.0
862899,1.0,33.0,1.0,2.0,1.3,2.8,3.8,5,2.0,0.0,4.0,1,0.0
862963,6.0,61.0,1.0,3.0,3.6,3.7,6.0,5,1.0,0.0,5.0,1,5.0
862990,4.0,66.0,4.0,1.0,4.2,3.0,5.9,3,1.0,0.0,1.0,8,1.0
863148,7.0,41.0,1.0,3.0,3.1,3.6,5.6,3,1.0,0.0,7.0,1,0.0
863165,1.0,61.0,1.0,2.0,4.1,3.4,6.0,2,1.0,0.0,14.0,1,0.0
863190,6.0,65.0,1.0,3.0,3.2,4.8,6.3,3,2.0,1.0,2.0,10,2.0
863284,1.0,66.0,1.0,3.0,2.0,4.1,5.3,1,5.0,1.0,2.0,6,3.0
863790,6.0,66.0,1.0,2.0,2.7,3.5,6.6,2,4.0,1.0,5.0,1,8.0
864144,7.0,59.0,3.0,1.0,2.1,3.5,5.5,2,3.0,0.0,4.0,12,26.0
864151,7.0,39.0,5.0,3.0,4.3,3.9,6.5,4,1.0,0.0,6.0,1,4.0
864218,6.0,49.0,1.0,3.0,2.9,3.1,6.8,4,3.0,0.0,6.0,1,12.0
864251,6.0,67.0,1.0,2.0,4.1,3.4,5.3,2,4.0,0.0,4.0,9,2.0
864315,5.0,68.0,1.0,2.0,4.1,3.9,6.5,3,1.0,0.0,6.0,9,2.0
864376,7.0,28.0,5.0,2.0,3.5,3.2,6.0,4,1.0,0.0,5.0,1,17.0
864596,6.0,62.0,1.0,2.0,4.0,3.6,5.7,2,3.0,0.0,9.0,1,2.0
864715,6.0,42.0,1.0,2.0,3.7,3.6,5.1,3,2.0,0.0,7.0,1,5.0
864755,2.0,54.0,1.0,3.0,3.6,3.1,6.4,3,1.0,0.0,4.0,8,2.0
864788,7.0,33.0,5.0,1.0,2.9,4.1,5.0,4,2.0,0.0,4.0,3,20.0
864813,6.0,36.0,1.0,2.0,4.3,3.8,6.2,4,1.0,0.0,0.0,8,4.0
864822,6.0,43.0,5.0,1.0,3.9,3.4,6.4,4,1.0,0.0,5.0,1,2.0
864990,6.0,67.0,3.0,2.0,4.4,3.6,6.4,3,1.0,1.0,6.0,9,5.0
865026,6.0,60.0,1.0,3.0,2.6,3.2,3.5,3,1.0,0.0,4.0,1,6.0
865247,5.0,24.0,5.0,1.0,3.6,4.0,6.3,5,1.0,0.0,5.0,1,7.0
865338,1.0,68.0,1.0,2.0,2.8,2.8,6.6,2,3.0,0.0,1.0,8,0.0
865435,5.0,66.0,5.0,2.0,2.8,4.0,4.6,3,2.0,1.0,3.0,9,0.0
865469,7.0,20.0,5.0,3.0,4.9,4.4,6.3,4,1.0,0.0,0.0,7,4.0
865490,7.0,33.0,1.0,1.0,4.7,3.8,7.0,4,1.0,0.0,8.0,1,8.0
865600,5.0,68.0,5.0,2.0,3.7,3.8,5.9,3,1.0,0.0,3.0,9,0.0
865890,5.0,59.0,1.0,2.0,4.2,3.9,7.0,5,1.0,0.0,5.0,1,1.0
865896,7.0,57.0,5.0,5.0,2.2,4.0,4.5,2,2.0,1.0,7.0,1,3.0
865902,7.0,35.0,1.0,2.0,3.6,2.4,6.3,4,1.0,0.0,7.0,1,2.0
865997,3.0,62.0,5.0,1.0,4.6,4.3,7.0,3,1.0,1.0,2.0,4,5.0
866137,5.0,44.0,5.0,2.0,2.6,4.0,7.0,3,1.0,0.0,8.0,1,5.0
866241,2.0,64.0,5.0,1.0,2.9,3.9,4.8,3,2.0,1.0,5.0,4,0.0
866244,1.0,55.0,5.0,2.0,3.3,3.1,5.8,2,5.0,1.0,4.0,1,2.0
866256,7.0,32.0,5.0,3.0,3.3,3.7,5.1,2,1.0,0.0,5.0,1,28.0
866275,6.0,40.0,1.0,3.0,3.1,4.0,5.3,4,1.0,1.0,5.0,1,5.0
866384,5.0,52.0,1.0,3.0,4.4,3.5,6.2,5,1.0,0.0,10.0,1,14.0
866412,6.0,38.0,1.0,3.0,2.2,3.2,4.6,4,1.0,1.0,6.0,3,18.0
866424,6.0,21.0,5.0,3.0,3.5,3.0,6.5,3,1.0,0.0,0.0,7,12.0
866494,1.0,67.0,1.0,3.0,3.7,3.0,6.7,3,2.0,0.0,2.0,9,1.0
867089,6.0,23.0,5.0,1.0,2.4,4.6,4.5,3,1.0,0.0,3.0,3,23.0
867156,6.0,43.0,5.0,3.0,3.0,3.2,3.8,1,1.0,0.0,3.0,10,9.0
867193,2.0,59.0,1.0,2.0,3.7,3.1,6.4,2,3.0,0.0,14.0,8,0.0
867428,6.0,64.0,1.0,3.0,3.9,3.7,6.5,3,1.0,0.0,5.0,1,2.0
867562,2.0,68.0,1.0,2.0,3.7,3.3,5.3,3,1.0,1.0,2.0,9,1.0
867736,6.0,28.0,5.0,2.0,3.2,3.6,4.8,3,1.0,0.0,6.0,1,9.0
867764,6.0,64.0,1.0,3.0,4.6,4.3,6.7,4,1.0,0.0,5.0,9,0.0
867852,1.0,56.0,4.0,4.0,3.6,3.3,5.9,3,1.0,1.0,5.0,1,20.0
867946,6.0,64.0,1.0,2.0,3.0,3.5,3.6,2,1.0,0.0,7.0,1,3.0
868115,2.0,66.0,1.0,2.0,2.7,3.6,6.5,2,3.0,0.0,3.0,10,1.0
868151,6.0,64.0,1.0,3.0,3.6,3.0,6.4,3,1.0,0.0,5.0,1,4.0
868157,7.0,67.0,1.0,2.0,3.4,4.2,7.0,3,2.0,0.0,4.0,2,7.0
868331,6.0,67.0,1.0,2.0,4.6,4.1,7.0,3,1.0,0.0,,9,9.0
868338,7.0,30.0,1.0,2.0,3.5,3.1,5.8,4,1.0,0.0,6.0,1,11.0
868341,5.0,45.0,1.0,3.0,3.6,4.4,6.0,2,1.0,0.0,5.0,1,3.0
868481,7.0,55.0,1.0,3.0,4.3,3.6,7.0,4,1.0,0.0,4.0,1,5.0
868820,6.0,33.0,1.0,2.0,3.4,3.1,5.1,3,3.0,0.0,0.0,8,4.0
868984,5.0,44.0,5.0,2.0,3.9,3.7,7.0,3,2.0,0.0,6.0,1,2.0
869005,3.0,64.0,1.0,3.0,4.1,3.1,6.4,3,1.0,0.0,8.0,1,0.0
869058,6.0,54.0,1.0,3.0,3.6,2.8,5.5,2,1.0,0.0,4.0,1,4.0
869064,7.0,61.0,3.0,1.0,3.4,3.7,7.0,5,1.0,0.0,5.0,1,33.0
869083,2.0,42.0,5.0,1.0,3.5,3.1,4.0,4,1.0,0.0,7.0,1,0.0
869277,7.0,69.0,1.0,2.0,3.4,3.0,5.5,2,3.0,1.0,4.0,9,30.0
869509,6.0,29.0,5.0,1.0,4.1,4.0,6.7,4,1.0,0.0,5.0,1,35.0
869615,6.0,29.0,5.0,1.0,2.3,3.7,3.2,3,1.0,0.0,5.0,1,10.0
869703,6.0,27.0,5.0,2.0,3.2,3.2,6.1,4,1.0,0.0,6.0,1,10.0
869826,5.0,33.0,1.0,2.0,3.4,3.0,6.8,3,1.0,0.0,7.0,3,16.0
869833,7.0,23.0,5.0,4.0,3.9,3.4,6.1,4,1.0,0.0,1.0,7,48.0
869838,7.0,38.0,5.0,1.0,4.1,4.2,4.9,2,1.0,1.0,6.0,1,20.0
869900,7.0,30.0,5.0,1.0,4.7,3.5,6.2,3,1.0,0.0,2.0,7,9.0
869943,4.0,37.0,5.0,2.0,3.0,3.0,4.0,3,1.0,0.0,6.0,1,15.0
869999,6.0,40.0,1.0,3.0,2.7,3.6,6.6,4,1.0,0.0,7.0,1,2.0
870217,5.0,45.0,1.0,3.0,3.5,3.6,6.0,1,4.0,1.0,2.0,3,13.0
870510,1.0,43.0,5.0,3.0,3.8,3.5,5.5,3,2.0,0.0,4.0,1,1.0
870563,7.0,33.0,5.0,1.0,2.3,4.1,6.9,4,1.0,0.0,4.0,3,10.0
870623,6.0,57.0,5.0,3.0,3.9,3.6,6.5,3,1.0,1.0,5.0,1,1.0
870690,6.0,68.0,1.0,2.0,3.9,3.2,5.5,3,1.0,0.0,3.0,9,3.0
870703,7.0,50.0,1.0,3.0,3.3,2.8,5.9,4,1.0,0.0,0.0,8,15.0
870727,7.0,57.0,1.0,3.0,3.5,3.5,4.9,3,2.0,1.0,6.0,1,7.0
870773,6.0,31.0,1.0,2.0,4.0,3.7,6.0,3,1.0,0.0,14.0,1,12.0
870788,6.0,43.0,1.0,3.0,3.2,4.6,6.0,3,1.0,0.0,5.0,1,5.0
870819,6.0,34.0,5.0,1.0,2.8,2.5,4.4,3,1.0,0.0,3.0,10,6.0
871084,7.0,66.0,1.0,2.0,4.9,4.6,5.9,4,1.0,0.0,2.0,2,9.0
871099,6.0,23.0,5.0,3.0,3.1,3.7,5.8,3,1.0,0.0,5.0,1,5.0
871203,6.0,38.0,1.0,2.0,3.3,4.0,4.7,3,1.0,0.0,5.0,1,2.0
871392,6.0,69.0,3.0,1.0,2.4,2.9,4.0,2,3.0,1.0,3.0,9,27.0
871431,2.0,40.0,5.0,4.0,3.7,3.0,5.8,4,1.0,0.0,5.0,1,21.0
871439,7.0,25.0,5.0,2.0,1.5,2.6,3.0,2,3.0,0.0,1.0,7,23.0
871594,5.0,63.0,1.0,2.0,3.7,4.2,6.6,2,4.0,1.0,0.0,9,11.0
871617,6.0,40.0,5.0,3.0,3.1,4.1,5.6,3,1.0,1.0,6.0,1,2.0
871661,5.0,65.0,5.0,5.0,4.3,3.2,6.3,3,1.0,1.0,4.0,4,1.0
871714,6.0,35.0,5.0,2.0,3.7,3.4,5.0,3,1.0,0.0,5.0,1,2.0
871920,7.0,63.0,5.0,1.0,2.7,2.9,5.3,2,2.0,1.0,2.0,9,0.0
871942,1.0,37.0,1.0,3.0,4.3,3.6,5.9,4,1.0,0.0,3.0,8,2.0
872024,7.0,59.0,5.0,1.0,3.4,3.2,5.5,2,3.0,1.0,3.0,1,2.0
872049,1.0,61.0,5.0,1.0,2.2,2.1,1.3,3,1.0,0.0,3.0,10,2.0
872363,1.0,64.0,1.0,2.0,2.7,2.9,5.0,3,2.0,0.0,4.0,1,7.0
872515,5.0,47.0,1.0,3.0,3.2,3.9,5.4,3,2.0,0.0,4.0,1,1.0
872574,5.0,62.0,3.0,1.0,3.8,3.2,5.5,2,1.0,0.0,5.0,1,1.0
872583,7.0,43.0,1.0,3.0,2.8,3.5,4.0,4,2.0,0.0,7.0,8,6.0
872645,6.0,61.0,1.0,2.0,4.6,3.9,6.9,3,1.0,0.0,9.0,3,6.0
872711,1.0,66.0,1.0,2.0,4.1,3.4,6.4,2,4.0,0.0,2.0,8,1.0
872732,2.0,61.0,1.0,3.0,2.5,3.4,3.9,2,3.0,1.0,3.0,8,10.0
872817,6.0,67.0,1.0,2.0,3.2,3.1,7.0,3,3.0,1.0,2.0,8,0.0
872891,5.0,57.0,5.0,1.0,3.1,3.1,4.6,3,2.0,0.0,14.0,10,0.0
872900,6.0,50.0,1.0,3.0,3.8,2.8,5.3,3,1.0,0.0,3.0,1,0.0
873226,5.0,59.0,3.0,1.0,4.0,3.7,6.1,4,1.0,0.0,8.0,1,7.0
873269,7.0,68.0,1.0,2.0,4.6,4.3,7.0,4,1.0,0.0,7.0,9,11.0
873403,6.0,24.0,5.0,3.0,3.6,3.7,5.6,4,1.0,0.0,0.0,7,1.0
873410,7.0,39.0,5.0,1.0,2.0,3.8,4.4,2,2.0,0.0,0.0,13,6.0
873440,3.0,58.0,1.0,2.0,3.9,3.6,6.6,3,2.0,0.0,2.0,12,1.0
873477,6.0,19.0,5.0,3.0,2.8,3.6,4.4,3,3.0,0.0,0.0,13,15.0
873512,5.0,66.0,3.0,2.0,5.0,4.1,7.0,3,1.0,0.0,4.0,9,1.0
873870,5.0,66.0,5.0,1.0,2.0,3.9,3.5,2,2.0,0.0,3.0,10,1.0
873947,3.0,70.0,1.0,2.0,4.3,3.6,6.5,3,1.0,1.0,8.0,9,0.0
873976,6.0,54.0,1.0,3.0,3.8,3.3,6.8,5,1.0,0.0,6.0,1,5.0
874170,7.0,64.0,1.0,2.0,4.2,4.2,7.0,3,1.0,0.0,0.0,9,2.0
874176,5.0,56.0,1.0,2.0,3.9,3.7,7.0,4,1.0,0.0,2.0,8,5.0
874237,7.0,43.0,1.0,3.0,4.6,4.1,4.4,3,1.0,0.0,5.0,1,7.0
874389,3.0,63.0,1.0,2.0,3.9,3.7,6.0,4,1.0,0.0,0.0,8,5.0
874461,1.0,50.0,5.0,1.0,3.4,3.2,4.5,3,1.0,0.0,4.0,8,1.0
874465,6.0,42.0,1.0,3.0,2.7,3.3,7.0,3,2.0,0.0,0.0,3,9.0
874542,2.0,67.0,1.0,2.0,3.5,3.0,6.0,2,4.0,0.0,2.0,8,4.0
874707,2.0,37.0,1.0,3.0,4.6,4.1,7.0,5,1.0,0.0,4.0,1,1.0
874948,7.0,61.0,5.0,1.0,2.8,3.0,4.5,2,5.0,1.0,7.0,3,3.0
874993,2.0,39.0,5.0,1.0,2.8,3.0,4.1,3,1.0,0.0,7.0,1,2.0
875078,6.0,67.0,1.0,2.0,4.3,3.6,6.5,3,1.0,0.0,6.0,9,7.0
875140,7.0,66.0,1.0,2.0,4.2,3.4,6.3,3,2.0,1.0,4.0,1,18.0
875442,2.0,62.0,1.0,2.0,2.8,2.9,5.1,1,2.0,1.0,3.0,10,9.0
875451,2.0,63.0,5.0,5.0,2.8,3.3,3.6,5,1.0,0.0,2.0,3,0.0
875479,4.0,51.0,1.0,3.0,3.1,3.3,5.8,4,1.0,0.0,5.0,1,3.0
875557,6.0,41.0,1.0,3.0,3.6,4.2,5.4,2,1.0,0.0,0.0,8,0.0
875753,6.0,43.0,1.0,2.0,2.5,3.5,5.2,3,1.0,0.0,6.0,1,5.0
875759,3.0,38.0,5.0,4.0,3.2,3.7,5.5,4,1.0,1.0,4.0,1,4.0
875761,7.0,28.0,5.0,3.0,1.5,3.8,5.5,3,1.0,0.0,2.0,8,12.0
875762,7.0,57.0,5.0,1.0,2.2,2.5,4.1,4,1.0,0.0,3.0,1,4.0
876068,7.0,43.0,1.0,3.0,2.5,3.1,4.5,2,3.0,1.0,,8,12.0
876076,6.0,58.0,1.0,3.0,3.6,3.3,6.6,3,1.0,0.0,2.0,1,1.0
876107,6.0,46.0,5.0,2.0,3.2,3.0,4.4,3,2.0,0.0,6.0,1,2.0
876171,5.0,66.0,1.0,2.0,3.5,2.8,5.3,3,3.0,0.0,0.0,8,6.0
876376,7.0,67.0,1.0,2.0,3.1,4.2,6.3,2,5.0,0.0,7.0,9,14.0
876519,7.0,29.0,5.0,2.0,3.6,3.2,5.8,3,2.0,0.0,6.0,1,21.0
876586,1.0,63.0,1.0,3.0,3.1,3.4,4.8,1,4.0,0.0,4.0,10,7.0
876608,3.0,58.0,1.0,1.0,3.0,3.0,4.0,4,1.0,0.0,2.0,1,1.0
876633,7.0,57.0,5.0,2.0,3.8,3.3,6.7,4,1.0,1.0,5.0,1,0.0
876654,6.0,58.0,3.0,4.0,4.0,3.3,6.0,3,1.0,0.0,3.0,1,3.0
876699,7.0,64.0,5.0,1.0,4.0,3.9,6.0,3,2.0,0.0,9.0,3,18.0
876919,6.0,43.0,1.0,3.0,3.2,2.8,5.5,3,1.0,0.0,2.0,8,4.0
876992,1.0,64.0,1.0,2.0,3.5,3.5,5.4,2,3.0,1.0,5.0,1,5.0
877307,7.0,53.0,1.0,2.0,2.6,3.8,3.9,2,3.0,1.0,0.0,10,7.0
877468,3.0,64.0,1.0,2.0,2.0,3.6,4.6,2,2.0,1.0,4.0,10,2.0
877608,5.0,36.0,5.0,3.0,3.3,3.9,4.5,3,1.0,0.0,4.0,1,5.0
877661,7.0,56.0,3.0,1.0,3.3,3.3,4.0,3,2.0,0.0,5.0,1,7.0
877689,6.0,33.0,1.0,2.0,3.1,4.3,6.7,4,1.0,0.0,2.0,1,5.0
877872,4.0,44.0,5.0,1.0,2.9,4.1,7.0,3,1.0,1.0,14.0,1,2.0
877880,7.0,58.0,1.0,3.0,4.7,3.2,6.3,2,3.0,0.0,3.0,1,6.0
878087,1.0,29.0,5.0,2.0,2.9,3.5,4.3,3,3.0,0.0,2.0,3,0.0
878150,,27.0,5.0,2.0,2.4,4.4,6.7,3,3.0,0.0,5.0,1,0.0
878222,7.0,32.0,5.0,4.0,3.5,4.0,6.9,2,5.0,0.0,1.0,8,1.0
878329,1.0,68.0,1.0,2.0,2.9,3.2,6.5,3,3.0,1.0,3.0,9,3.0
878359,6.0,29.0,5.0,3.0,2.6,3.1,5.3,3,1.0,0.0,3.0,3,7.0
878413,6.0,42.0,1.0,3.0,4.5,4.0,7.0,2,3.0,0.0,4.0,1,12.0
878454,7.0,35.0,1.0,3.0,2.6,4.5,5.5,4,1.0,0.0,2.0,3,14.0
878634,6.0,62.0,1.0,3.0,3.8,3.0,5.5,2,1.0,0.0,8.0,1,8.0
878646,5.0,50.0,1.0,3.0,3.8,3.4,5.9,3,1.0,0.0,5.0,1,4.0
878665,1.0,47.0,1.0,1.0,3.2,3.2,4.3,3,3.0,0.0,7.0,1,1.0
878869,6.0,29.0,5.0,1.0,4.1,3.8,6.0,4,2.0,0.0,5.0,1,5.0
878927,7.0,39.0,1.0,2.0,2.9,3.5,5.9,4,2.0,1.0,2.0,1,11.0
878939,7.0,63.0,5.0,1.0,3.1,3.2,5.2,3,3.0,0.0,2.0,12,20.0
878979,5.0,58.0,5.0,3.0,4.5,3.4,5.6,4,1.0,1.0,4.0,1,0.0
879122,6.0,66.0,1.0,3.0,2.7,3.4,5.9,2,4.0,1.0,4.0,9,1.0
879211,1.0,53.0,1.0,3.0,4.2,3.5,6.1,4,1.0,0.0,2.0,8,2.0
879306,7.0,67.0,1.0,2.0,4.0,2.8,5.7,3,2.0,0.0,5.0,9,0.0
879348,7.0,51.0,5.0,1.0,4.1,3.1,6.2,3,1.0,0.0,8.0,1,2.0
879373,5.0,57.0,5.0,1.0,3.2,3.6,5.8,3,3.0,0.0,4.0,1,14.0
879428,4.0,65.0,1.0,2.0,2.8,3.8,5.1,3,1.0,1.0,0.0,4,0.0
879531,5.0,70.0,1.0,2.0,3.8,3.0,5.9,3,1.0,0.0,6.0,9,0.0
879620,7.0,69.0,1.0,1.0,3.7,3.0,6.6,2,3.0,1.0,5.0,9,2.0
879635,7.0,22.0,5.0,3.0,2.4,3.5,4.2,3,3.0,0.0,0.0,7,5.0
879669,2.0,69.0,1.0,2.0,2.1,3.2,3.9,3,4.0,1.0,4.0,9,2.0
879675,1.0,57.0,1.0,3.0,4.0,3.2,7.0,3,1.0,1.0,6.0,1,7.0
879796,7.0,62.0,1.0,2.0,4.1,4.1,5.9,4,1.0,0.0,8.0,1,6.0
879895,6.0,66.0,1.0,2.0,3.9,3.4,5.6,2,2.0,0.0,0.0,8,9.0
879998,6.0,61.0,1.0,2.0,5.0,4.5,7.0,3,2.0,1.0,0.0,8,7.0
880006,3.0,62.0,1.0,2.0,4.5,4.2,6.9,3,1.0,0.0,7.0,1,1.0
880111,7.0,51.0,1.0,3.0,3.8,2.5,5.1,2,2.0,1.0,5.0,1,25.0
880276,7.0,70.0,1.0,2.0,3.7,3.1,4.4,3,1.0,0.0,7.0,9,6.0
880439,6.0,41.0,1.0,3.0,3.8,3.2,6.4,4,1.0,0.0,6.0,1,6.0
880584,5.0,55.0,1.0,3.0,3.8,3.1,6.2,3,1.0,0.0,5.0,1,1.0
880612,7.0,68.0,1.0,2.0,3.7,2.9,5.9,5,1.0,0.0,4.0,9,2.0
880663,3.0,68.0,3.0,1.0,4.3,3.9,5.9,3,1.0,0.0,5.0,9,7.0
880834,2.0,61.0,1.0,2.0,3.3,4.1,5.5,3,2.0,0.0,0.0,8,1.0
880843,7.0,48.0,3.0,3.0,2.3,3.4,5.2,3,1.0,0.0,5.0,1,6.0
881242,5.0,49.0,5.0,1.0,2.9,3.3,6.0,2,3.0,1.0,4.0,1,16.0
881362,6.0,25.0,5.0,2.0,3.6,3.3,4.9,3,1.0,0.0,1.0,7,11.0
881396,2.0,62.0,1.0,3.0,4.3,3.8,6.5,3,1.0,0.0,10.0,4,1.0
881408,1.0,35.0,5.0,1.0,4.2,3.1,6.1,4,1.0,0.0,7.0,1,0.0
881471,6.0,62.0,1.0,2.0,3.3,3.0,6.3,2,3.0,0.0,0.0,8,0.0
881527,5.0,59.0,1.0,3.0,4.1,3.9,6.5,3,3.0,0.0,7.0,1,2.0
881582,5.0,42.0,1.0,2.0,2.8,4.8,4.5,2,1.0,1.0,6.0,1,8.0
881600,6.0,52.0,3.0,1.0,2.9,3.0,4.9,2,4.0,0.0,3.0,10,6.0
881655,5.0,30.0,5.0,1.0,2.9,4.3,5.8,2,3.0,1.0,3.0,10,1.0
881719,5.0,50.0,1.0,3.0,3.2,4.0,5.6,3,1.0,0.0,0.0,8,1.0
881826,5.0,51.0,3.0,4.0,2.1,4.0,5.2,2,1.0,1.0,14.0,10,1.0
881832,6.0,58.0,1.0,2.0,3.6,3.8,5.7,2,3.0,0.0,14.0,8,12.0
881848,6.0,39.0,5.0,3.0,3.5,3.7,6.0,3,1.0,0.0,0.0,8,3.0
881881,1.0,60.0,1.0,3.0,3.4,3.6,7.0,3,1.0,0.0,7.0,1,0.0
881927,7.0,19.0,5.0,4.0,3.2,4.1,6.7,3,1.0,0.0,1.0,7,3.0
881958,7.0,49.0,5.0,1.0,3.6,3.5,5.3,3,3.0,0.0,4.0,10,6.0
882022,7.0,45.0,1.0,3.0,3.9,3.6,5.8,4,1.0,0.0,9.0,1,2.0
882260,7.0,55.0,5.0,1.0,2.1,2.9,4.7,3,2.0,0.0,4.0,1,9.0
882415,1.0,55.0,1.0,3.0,2.2,3.3,4.0,3,1.0,0.0,4.0,1,0.0
882506,5.0,33.0,1.0,3.0,3.2,3.2,5.3,3,3.0,0.0,5.0,1,2.0
882522,7.0,43.0,1.0,3.0,2.4,3.2,6.0,2,1.0,1.0,2.0,10,3.0
882574,6.0,45.0,1.0,3.0,4.2,2.8,5.4,3,1.0,0.0,3.0,2,7.0
882613,6.0,65.0,5.0,1.0,2.9,3.9,6.2,3,2.0,1.0,6.0,1,3.0
882660,1.0,64.0,1.0,2.0,3.1,3.8,6.1,2,4.0,0.0,0.0,8,0.0
882723,6.0,70.0,1.0,2.0,3.9,3.9,6.5,3,1.0,0.0,3.0,9,0.0
882733,7.0,66.0,1.0,2.0,4.2,2.9,6.0,2,4.0,0.0,8.0,9,3.0
882855,7.0,20.0,5.0,3.0,3.6,3.5,6.0,4,1.0,0.0,1.0,1,1.0
882864,1.0,37.0,1.0,2.0,3.1,4.2,4.4,4,2.0,0.0,7.0,1,4.0
882897,5.0,63.0,1.0,2.0,3.8,3.5,6.4,4,2.0,0.0,3.0,1,0.0
883139,2.0,64.0,1.0,2.0,4.0,4.9,7.0,2,1.0,0.0,4.0,3,7.0
883202,7.0,30.0,5.0,2.0,3.9,4.2,6.3,3,1.0,0.0,5.0,1,3.0
883303,2.0,57.0,1.0,3.0,2.8,3.9,4.8,2,1.0,1.0,6.0,1,0.0
883650,7.0,46.0,1.0,2.0,2.6,3.6,7.0,3,2.0,1.0,6.0,1,23.0
883657,7.0,32.0,1.0,3.0,3.5,3.4,5.6,3,1.0,0.0,6.0,1,13.0
883914,5.0,42.0,5.0,3.0,3.5,3.4,5.2,2,1.0,1.0,4.0,1,9.0
884283,5.0,66.0,1.0,2.0,4.7,3.3,6.2,3,2.0,0.0,5.0,9,0.0
884320,7.0,54.0,3.0,4.0,3.3,3.8,7.0,3,1.0,1.0,3.0,3,3.0
884341,5.0,56.0,5.0,1.0,3.8,3.8,6.3,4,1.0,0.0,6.0,1,7.0
884384,7.0,46.0,3.0,1.0,2.9,3.3,6.0,3,2.0,0.0,5.0,1,11.0
884392,7.0,34.0,1.0,2.0,4.8,3.8,6.5,3,1.0,0.0,6.0,1,7.0
884581,2.0,27.0,5.0,3.0,3.8,3.0,4.0,3,2.0,1.0,0.0,7,6.0
884667,6.0,65.0,1.0,2.0,4.1,3.1,6.4,3,1.0,0.0,8.0,9,2.0
884677,6.0,55.0,1.0,3.0,4.0,3.4,6.5,4,1.0,0.0,11.0,1,1.0
884707,2.0,46.0,3.0,1.0,3.0,3.0,4.0,4,1.0,0.0,6.0,1,0.0
884719,5.0,28.0,5.0,2.0,3.9,4.6,6.1,5,1.0,0.0,6.0,1,6.0
884799,6.0,23.0,5.0,3.0,3.5,3.9,4.3,4,1.0,0.0,6.0,1,6.0
884872,6.0,67.0,1.0,2.0,3.4,3.0,5.5,3,1.0,0.0,3.0,9,8.0
884918,1.0,40.0,1.0,2.0,3.6,4.3,6.9,3,1.0,0.0,6.0,3,7.0
885134,1.0,57.0,1.0,1.0,2.7,3.0,4.8,3,1.0,0.0,3.0,1,0.0
885327,4.0,55.0,5.0,3.0,2.9,3.1,5.9,4,1.0,0.0,4.0,3,0.0
885375,6.0,50.0,5.0,3.0,2.5,3.1,3.9,3,3.0,0.0,4.0,3,4.0
885379,6.0,46.0,4.0,4.0,3.4,3.7,4.8,3,1.0,0.0,4.0,1,14.0
885388,5.0,24.0,5.0,3.0,3.9,3.6,5.3,3,1.0,0.0,5.0,2,5.0
885597,7.0,45.0,1.0,1.0,4.2,3.8,6.6,3,1.0,0.0,4.0,12,2.0
885623,3.0,57.0,1.0,3.0,3.0,3.0,4.1,3,1.0,0.0,3.0,1,0.0
885705,7.0,36.0,1.0,3.0,3.5,3.6,5.0,4,1.0,0.0,7.0,1,9.0
885763,5.0,59.0,5.0,1.0,5.0,4.3,6.7,3,1.0,0.0,8.0,1,2.0
885781,5.0,35.0,5.0,3.0,4.0,4.1,6.8,3,1.0,0.0,13.0,1,11.0
885809,7.0,57.0,1.0,2.0,3.3,2.9,4.8,5,3.0,1.0,4.0,1,3.0
886065,7.0,55.0,1.0,2.0,4.1,4.0,6.3,3,1.0,0.0,2.0,1,15.0
886166,4.0,43.0,5.0,1.0,2.2,4.1,3.1,2,4.0,1.0,3.0,10,2.0
886173,7.0,39.0,3.0,1.0,3.7,3.7,3.8,2,3.0,0.0,4.0,1,37.0
886218,1.0,64.0,3.0,2.0,4.6,3.5,6.6,2,3.0,0.0,5.0,9,0.0
886297,6.0,43.0,5.0,1.0,4.7,4.2,6.9,3,1.0,0.0,7.0,1,4.0
886347,6.0,56.0,5.0,1.0,3.7,3.6,5.5,3,1.0,0.0,5.0,1,3.0
886634,7.0,37.0,5.0,2.0,3.2,3.5,6.0,3,1.0,1.0,5.0,1,21.0
886859,1.0,64.0,3.0,4.0,2.9,3.2,5.3,3,2.0,0.0,2.0,11,1.0
886889,5.0,58.0,1.0,3.0,3.8,3.6,5.8,3,1.0,0.0,6.0,1,1.0
886959,4.0,23.0,5.0,4.0,2.4,3.1,3.4,3,3.0,0.0,0.0,1,0.0
887088,6.0,31.0,1.0,3.0,2.1,3.3,3.2,2,3.0,0.0,3.0,1,3.0
887155,5.0,53.0,1.0,3.0,4.1,2.9,5.9,3,1.0,0.0,9.0,1,2.0
887313,6.0,43.0,3.0,1.0,2.5,3.3,4.0,2,1.0,0.0,4.0,1,9.0
887371,7.0,36.0,5.0,3.0,3.0,3.0,4.0,5,1.0,0.0,6.0,2,11.0
887387,3.0,63.0,5.0,1.0,4.1,3.5,6.2,2,5.0,0.0,4.0,10,0.0
887423,5.0,66.0,1.0,2.0,3.2,3.2,4.8,3,1.0,0.0,3.0,9,4.0
887661,6.0,38.0,1.0,3.0,4.2,3.8,6.7,3,1.0,0.0,5.0,1,9.0
887704,6.0,68.0,1.0,2.0,3.3,2.7,5.0,3,2.0,0.0,5.0,9,1.0
887849,7.0,25.0,5.0,2.0,2.3,3.3,5.4,4,2.0,0.0,5.0,1,9.0
888029,6.0,65.0,3.0,2.0,3.2,3.3,5.0,2,1.0,0.0,6.0,1,3.0
888217,4.0,63.0,1.0,2.0,4.5,3.5,6.5,3,1.0,0.0,14.0,1,2.0
888238,1.0,56.0,1.0,3.0,3.0,3.0,3.7,5,1.0,0.0,5.0,1,7.0
888272,5.0,49.0,1.0,3.0,2.2,3.1,5.3,4,1.0,1.0,6.0,1,1.0
888290,6.0,27.0,5.0,2.0,2.7,3.8,6.5,4,1.0,0.0,6.0,1,10.0
888406,1.0,49.0,5.0,4.0,3.1,2.9,4.0,4,1.0,0.0,4.0,1,0.0
888411,7.0,56.0,1.0,2.0,3.7,3.3,5.9,3,1.0,0.0,5.0,1,7.0
888470,6.0,33.0,5.0,1.0,3.1,4.2,6.7,2,1.0,1.0,5.0,1,11.0
888583,6.0,53.0,5.0,3.0,3.7,2.8,4.7,3,1.0,0.0,1.0,8,1.0
888629,5.0,56.0,3.0,1.0,2.8,2.8,4.6,4,1.0,0.0,4.0,1,0.0
888641,5.0,58.0,1.0,2.0,3.0,3.3,4.7,3,3.0,0.0,5.0,1,2.0
888642,4.0,39.0,5.0,3.0,4.8,2.5,4.8,2,2.0,1.0,13.0,12,10.0
888735,5.0,65.0,1.0,2.0,3.7,3.2,7.0,3,1.0,0.0,5.0,1,2.0
888777,7.0,27.0,5.0,1.0,3.5,3.7,4.5,2,3.0,1.0,5.0,1,12.0
888882,6.0,40.0,1.0,3.0,3.3,3.7,6.1,3,2.0,1.0,4.0,1,3.0
889001,5.0,60.0,3.0,1.0,3.6,3.3,6.5,3,3.0,0.0,4.0,1,1.0
889215,7.0,35.0,1.0,2.0,3.4,1.8,6.1,4,1.0,0.0,6.0,3,9.0
889248,7.0,68.0,1.0,2.0,2.6,2.2,4.7,4,1.0,0.0,0.0,8,3.0
889266,5.0,19.0,5.0,3.0,2.8,3.8,4.2,3,1.0,0.0,0.0,7,13.0
889659,7.0,66.0,3.0,1.0,1.8,4.7,5.5,1,4.0,0.0,3.0,9,53.0
889709,7.0,57.0,3.0,1.0,3.6,4.3,7.0,3,1.0,0.0,6.0,1,40.0
889712,4.0,63.0,3.0,1.0,3.2,3.9,4.9,2,3.0,0.0,3.0,3,2.0
889739,7.0,36.0,3.0,4.0,3.8,4.0,6.4,4,1.0,0.0,14.0,1,5.0
889837,2.0,57.0,1.0,2.0,3.8,3.3,6.4,3,3.0,0.0,7.0,1,4.0
889876,6.0,51.0,3.0,5.0,4.0,3.6,6.5,5,1.0,0.0,3.0,3,4.0
889920,4.0,41.0,5.0,3.0,3.1,3.7,3.8,4,1.0,0.0,0.0,8,0.0
890015,7.0,29.0,5.0,1.0,3.8,3.6,6.0,4,1.0,0.0,6.0,1,4.0
890173,5.0,46.0,1.0,2.0,3.4,4.1,6.1,4,1.0,1.0,2.0,1,5.0
890283,1.0,29.0,5.0,3.0,3.7,3.8,5.7,3,1.0,0.0,4.0,1,5.0
890323,5.0,60.0,3.0,1.0,2.5,2.8,4.9,4,1.0,1.0,3.0,9,0.0
890397,1.0,57.0,5.0,1.0,2.5,3.5,3.5,3,3.0,1.0,4.0,10,0.0
890490,2.0,64.0,1.0,2.0,4.2,2.2,4.0,3,1.0,0.0,0.0,8,0.0
890521,5.0,48.0,1.0,3.0,2.7,3.8,4.5,3,2.0,0.0,3.0,1,4.0
890554,5.0,62.0,1.0,3.0,3.8,3.8,7.0,3,1.0,0.0,6.0,1,1.0
890676,7.0,38.0,1.0,2.0,2.5,3.9,4.3,3,1.0,1.0,5.0,1,7.0
890711,7.0,21.0,5.0,3.0,3.1,3.8,4.9,4,1.0,0.0,0.0,7,7.0
890773,,26.0,5.0,2.0,2.5,3.4,3.8,3,1.0,0.0,3.0,1,0.0
890798,7.0,56.0,1.0,3.0,3.3,3.7,6.8,3,1.0,0.0,3.0,1,20.0
890882,4.0,50.0,3.0,4.0,2.2,3.4,5.3,3,1.0,0.0,4.0,1,1.0
890893,6.0,39.0,1.0,3.0,2.9,3.7,4.7,4,1.0,0.0,4.0,1,3.0
891006,7.0,62.0,1.0,2.0,2.8,3.3,5.1,2,2.0,1.0,4.0,1,2.0
891015,5.0,67.0,5.0,1.0,4.0,4.0,5.9,3,2.0,0.0,3.0,9,0.0
891343,4.0,41.0,1.0,3.0,1.9,3.9,5.6,2,1.0,0.0,14.0,1,3.0
891491,5.0,52.0,5.0,1.0,2.6,3.5,5.1,2,1.0,1.0,2.0,10,0.0
891650,7.0,38.0,1.0,3.0,1.9,3.4,3.8,3,2.0,1.0,3.0,1,31.0
891870,2.0,35.0,5.0,2.0,3.8,3.7,7.0,4,1.0,0.0,13.0,1,2.0
892141,3.0,60.0,1.0,3.0,3.4,3.0,4.5,3,1.0,0.0,14.0,8,4.0
892311,7.0,38.0,5.0,3.0,1.6,4.3,1.8,2,2.0,1.0,3.0,10,16.0
892504,5.0,56.0,5.0,1.0,2.7,3.2,4.2,3,3.0,1.0,6.0,1,0.0
892839,7.0,36.0,1.0,2.0,4.2,4.2,6.0,3,1.0,0.0,5.0,1,13.0
892852,6.0,51.0,1.0,3.0,4.2,3.4,6.3,4,1.0,0.0,6.0,1,1.0
892901,7.0,19.0,5.0,3.0,3.3,3.4,5.4,4,1.0,0.0,1.0,7,25.0
892909,6.0,24.0,5.0,3.0,3.2,3.8,5.8,3,2.0,0.0,3.0,7,12.0
892994,6.0,30.0,5.0,2.0,4.2,4.9,6.8,5,1.0,0.0,4.0,1,12.0
892996,4.0,61.0,4.0,1.0,1.8,3.6,3.8,2,3.0,1.0,13.0,8,0.0
893066,5.0,55.0,3.0,4.0,4.9,2.8,5.6,4,1.0,0.0,7.0,1,4.0
893243,6.0,69.0,3.0,1.0,4.4,3.8,7.0,3,2.0,0.0,2.0,9,4.0
893319,5.0,46.0,3.0,3.0,3.3,3.5,7.0,4,1.0,0.0,4.0,1,3.0
893411,4.0,60.0,3.0,1.0,3.5,3.7,5.5,3,2.0,0.0,3.0,1,0.0
893432,1.0,70.0,5.0,2.0,2.5,3.5,4.7,3,1.0,0.0,3.0,9,1.0
893436,5.0,39.0,1.0,2.0,3.5,3.5,5.7,3,1.0,0.0,7.0,1,7.0
893475,5.0,57.0,1.0,2.0,3.9,3.0,5.4,3,1.0,0.0,14.0,1,8.0
893499,7.0,58.0,5.0,2.0,4.7,3.5,7.0,3,1.0,0.0,7.0,1,17.0
893502,7.0,27.0,5.0,1.0,3.7,3.7,4.9,3,1.0,0.0,5.0,1,6.0
893762,6.0,67.0,1.0,2.0,3.8,3.6,5.5,3,1.0,0.0,2.0,8,0.0
893771,5.0,59.0,5.0,2.0,2.3,3.8,4.1,2,4.0,1.0,10.0,1,16.0
893865,7.0,23.0,5.0,4.0,3.7,3.2,5.7,3,1.0,0.0,2.0,1,13.0
894063,3.0,61.0,3.0,2.0,4.2,4.8,6.8,3,2.0,0.0,8.0,1,3.0
894125,5.0,49.0,3.0,1.0,4.3,2.5,5.8,4,1.0,0.0,6.0,1,2.0
894210,1.0,38.0,5.0,1.0,3.0,3.0,4.1,2,5.0,0.0,13.0,10,21.0
894223,1.0,63.0,3.0,1.0,3.4,3.2,6.0,1,4.0,1.0,3.0,6,0.0
894363,1.0,64.0,1.0,2.0,4.8,2.9,6.7,3,3.0,0.0,5.0,1,0.0
894549,7.0,63.0,1.0,3.0,4.5,4.9,6.9,4,1.0,0.0,10.0,1,2.0
894622,6.0,66.0,1.0,2.0,4.1,3.6,6.2,3,3.0,1.0,4.0,9,0.0
894635,5.0,31.0,5.0,2.0,4.0,4.4,5.6,5,1.0,0.0,7.0,1,3.0
894796,6.0,36.0,5.0,2.0,3.0,3.6,4.3,3,1.0,0.0,5.0,1,16.0
895047,6.0,54.0,1.0,2.0,3.8,2.8,4.2,4,1.0,0.0,4.0,1,4.0
895367,6.0,66.0,1.0,2.0,3.9,4.0,6.0,2,1.0,0.0,6.0,1,4.0
895373,6.0,68.0,3.0,1.0,3.7,3.0,5.7,1,3.0,1.0,3.0,9,14.0
895407,6.0,31.0,5.0,1.0,3.3,3.5,5.2,4,1.0,0.0,5.0,1,10.0
895429,4.0,66.0,3.0,1.0,3.9,3.2,6.0,3,1.0,0.0,5.0,3,0.0
895443,1.0,67.0,1.0,2.0,3.9,3.4,6.4,3,2.0,0.0,4.0,9,0.0
895825,6.0,56.0,1.0,2.0,4.3,4.4,6.8,3,1.0,0.0,6.0,1,7.0
895853,5.0,70.0,1.0,2.0,3.8,3.0,5.6,2,4.0,0.0,2.0,8,8.0
895910,7.0,19.0,5.0,4.0,3.7,3.1,7.0,3,2.0,0.0,5.0,1,17.0
896005,6.0,61.0,1.0,2.0,4.7,3.4,6.6,3,1.0,0.0,0.0,8,4.0
896031,6.0,35.0,1.0,2.0,3.3,3.8,5.4,3,1.0,0.0,5.0,1,2.0
896252,1.0,70.0,1.0,2.0,3.0,3.7,7.0,3,3.0,0.0,2.0,9,0.0
896271,6.0,43.0,1.0,3.0,3.4,3.4,6.1,4,1.0,0.0,7.0,1,15.0
896319,7.0,51.0,1.0,3.0,3.5,3.1,5.2,3,1.0,0.0,3.0,1,19.0
896502,1.0,67.0,4.0,3.0,2.3,3.2,3.6,2,3.0,1.0,0.0,8,5.0
896606,5.0,59.0,1.0,2.0,3.8,3.7,5.9,3,1.0,0.0,14.0,1,4.0
896649,1.0,50.0,2.0,4.0,2.4,2.6,3.5,1,4.0,1.0,3.0,13,0.0
896716,2.0,64.0,1.0,3.0,3.2,2.8,4.5,3,1.0,0.0,2.0,3,0.0
896939,1.0,23.0,5.0,3.0,3.5,2.9,4.2,5,1.0,0.0,0.0,1,0.0
896957,5.0,49.0,3.0,3.0,4.1,3.6,6.1,4,1.0,0.0,8.0,1,2.0
896969,7.0,51.0,3.0,4.0,3.2,4.0,6.3,3,2.0,0.0,3.0,1,3.0
897155,6.0,24.0,5.0,3.0,3.0,3.3,6.4,3,1.0,0.0,13.0,7,3.0
897253,1.0,58.0,5.0,1.0,4.5,4.5,6.4,2,3.0,0.0,3.0,10,0.0
897574,7.0,53.0,5.0,1.0,3.3,2.8,6.0,2,3.0,0.0,3.0,10,12.0
897607,7.0,55.0,1.0,3.0,3.6,3.7,6.9,5,1.0,0.0,2.0,8,1.0
897637,6.0,55.0,1.0,3.0,3.9,3.2,5.1,3,1.0,0.0,5.0,1,0.0
897717,6.0,54.0,5.0,1.0,4.0,3.9,6.6,3,1.0,0.0,14.0,1,1.0
897854,5.0,53.0,1.0,3.0,4.4,4.5,6.6,4,1.0,0.0,9.0,1,2.0
897885,1.0,57.0,1.0,2.0,3.3,3.9,6.6,3,2.0,0.0,0.0,3,0.0
897924,6.0,35.0,1.0,3.0,2.8,4.2,5.6,2,1.0,0.0,14.0,8,14.0
897961,4.0,52.0,1.0,3.0,3.4,3.2,4.9,3,2.0,1.0,0.0,8,2.0
897973,5.0,62.0,1.0,2.0,3.3,3.4,5.5,3,1.0,0.0,6.0,1,23.0
897976,3.0,67.0,1.0,2.0,3.4,4.2,5.8,3,2.0,0.0,3.0,3,1.0
898187,3.0,61.0,1.0,3.0,3.9,3.7,5.4,3,1.0,1.0,4.0,1,7.0
898211,6.0,43.0,1.0,2.0,2.9,3.5,5.5,3,3.0,0.0,9.0,3,3.0
898237,7.0,59.0,5.0,3.0,4.7,4.0,6.5,5,1.0,0.0,7.0,3,6.0
898339,4.0,65.0,5.0,1.0,3.5,4.4,6.8,2,2.0,0.0,3.0,6,15.0
898400,3.0,68.0,3.0,1.0,3.2,3.3,5.3,4,1.0,0.0,5.0,9,1.0
898596,7.0,33.0,5.0,3.0,2.4,4.0,4.3,3,1.0,0.0,6.0,1,11.0
898675,7.0,25.0,5.0,3.0,3.6,3.7,6.0,4,1.0,0.0,0.0,7,20.0
898730,6.0,54.0,1.0,2.0,4.8,2.9,7.0,3,1.0,1.0,6.0,1,4.0
898782,5.0,59.0,1.0,3.0,3.7,2.4,5.2,3,1.0,1.0,8.0,1,0.0
898834,5.0,35.0,5.0,3.0,1.7,3.8,3.3,2,1.0,1.0,3.0,8,7.0
898867,7.0,20.0,5.0,4.0,3.7,3.6,6.5,3,1.0,0.0,2.0,1,8.0
899045,6.0,66.0,1.0,2.0,3.5,3.1,4.8,2,2.0,1.0,2.0,12,4.0
899234,1.0,65.0,3.0,1.0,4.3,2.7,5.3,3,1.0,0.0,4.0,1,0.0
899359,6.0,41.0,5.0,1.0,4.2,4.4,6.3,4,1.0,1.0,14.0,1,18.0
899402,6.0,30.0,5.0,2.0,4.6,4.0,6.7,3,1.0,0.0,6.0,3,5.0
899407,7.0,64.0,1.0,2.0,4.3,3.8,6.3,3,1.0,1.0,2.0,8,3.0
899411,6.0,58.0,1.0,3.0,4.0,3.2,5.4,3,1.0,0.0,6.0,1,3.0
899648,4.0,45.0,1.0,2.0,3.9,4.1,5.9,4,1.0,0.0,9.0,1,26.0
